--
-- Script was generated by Devart dbForge Studio for MySQL, Version 9.2.34.0
-- Product home page: http://www.devart.com/dbforge/mysql/studio
-- Script date 06-Jul-23 7:10:07 PM
-- Server version: 10.6.13
-- Client version: 4.1
--

-- 
-- Disable foreign keys
-- 
/*!40014 SET @OLD_FOREIGN_KEY_CHECKS=@@FOREIGN_KEY_CHECKS, FOREIGN_KEY_CHECKS=0 */;

-- 
-- Set SQL mode
-- 
/*!40101 SET @OLD_SQL_MODE=@@SQL_MODE, SQL_MODE='NO_AUTO_VALUE_ON_ZERO' */;

-- 
-- Set character set the client will use to send SQL statements to the server
--
SET NAMES 'utf8';

--
-- Set default database
--
USE pvo_v1_2023;

--
-- Drop table `cache_external_word_api`
--
DROP TABLE IF EXISTS cache_external_word_api;

--
-- Drop event `Event_DeleteCacheSql`
--
DROP EVENT IF EXISTS Event_DeleteCacheSql;

--
-- Drop table `cache_sql`
--
DROP TABLE IF EXISTS cache_sql;

--
-- Drop view `view_example`
--
DROP VIEW IF EXISTS view_example CASCADE;

--
-- Drop procedure `Proc_Account_CreateActivatedAccountData`
--
DROP PROCEDURE IF EXISTS Proc_Account_CreateActivatedAccountData;

--
-- Drop table `tone`
--
DROP TABLE IF EXISTS tone;

--
-- Drop table `sys_tone`
--
DROP TABLE IF EXISTS sys_tone;

--
-- Drop table `mode`
--
DROP TABLE IF EXISTS mode;

--
-- Drop table `sys_mode`
--
DROP TABLE IF EXISTS sys_mode;

--
-- Drop table `register`
--
DROP TABLE IF EXISTS register;

--
-- Drop table `sys_register`
--
DROP TABLE IF EXISTS sys_register;

--
-- Drop table `nuance`
--
DROP TABLE IF EXISTS nuance;

--
-- Drop table `sys_nuance`
--
DROP TABLE IF EXISTS sys_nuance;

--
-- Drop table `dialect`
--
DROP TABLE IF EXISTS dialect;

--
-- Drop table `sys_dialect`
--
DROP TABLE IF EXISTS sys_dialect;

--
-- Drop view `view_concept_relationship`
--
DROP VIEW IF EXISTS view_concept_relationship CASCADE;

--
-- Drop procedure `Proc_Dictionary_TransferDictionaryData`
--
DROP PROCEDURE IF EXISTS Proc_Dictionary_TransferDictionaryData;

--
-- Drop procedure `Proc_Dictionary_CloneDictionaryData`
--
DROP PROCEDURE IF EXISTS Proc_Dictionary_CloneDictionaryData;

--
-- Drop procedure `Proc_Dictionary_DeleteDictionaryData`
--
DROP PROCEDURE IF EXISTS Proc_Dictionary_DeleteDictionaryData;

--
-- Drop table `concept_relationship`
--
DROP TABLE IF EXISTS concept_relationship;

--
-- Drop table `concept_link`
--
DROP TABLE IF EXISTS concept_link;

--
-- Drop table `sys_concept_link`
--
DROP TABLE IF EXISTS sys_concept_link;

--
-- Drop procedure `Proc_Log_GetLogsFilterPaging`
--
DROP PROCEDURE IF EXISTS Proc_Log_GetLogsFilterPaging;

--
-- Drop table `audit_log`
--
DROP TABLE IF EXISTS audit_log;

--
-- Drop view `view_example_relationship`
--
DROP VIEW IF EXISTS view_example_relationship CASCADE;

--
-- Drop procedure `Proc_Example_SearchExample`
--
DROP PROCEDURE IF EXISTS Proc_Example_SearchExample;

--
-- Drop table `example_relationship`
--
DROP TABLE IF EXISTS example_relationship;

--
-- Drop procedure `Proc_Concept_GetListMostRecentConcept`
--
DROP PROCEDURE IF EXISTS Proc_Concept_GetListMostRecentConcept;

--
-- Drop procedure `Proc_Concept_SearchConcept`
--
DROP PROCEDURE IF EXISTS Proc_Concept_SearchConcept;

--
-- Drop procedure `Proc_Dictionary_GetNumberRecord`
--
DROP PROCEDURE IF EXISTS Proc_Dictionary_GetNumberRecord;

--
-- Drop table `concept`
--
DROP TABLE IF EXISTS concept;

--
-- Drop procedure `Proc_Example_GetListMostRecentExample`
--
DROP PROCEDURE IF EXISTS Proc_Example_GetListMostRecentExample;

--
-- Drop table `example`
--
DROP TABLE IF EXISTS example;

--
-- Drop table `dictionary`
--
DROP TABLE IF EXISTS dictionary;

--
-- Drop table `example_link`
--
DROP TABLE IF EXISTS example_link;

--
-- Drop table `user_setting`
--
DROP TABLE IF EXISTS user_setting;

--
-- Drop table `user`
--
DROP TABLE IF EXISTS user;

--
-- Drop table `sys_example_link`
--
DROP TABLE IF EXISTS sys_example_link;

--
-- Set default database
--
USE pvo_v1_2023;

--
-- Create table `sys_example_link`
--
CREATE TABLE sys_example_link (
  sys_example_link_id char(36) NOT NULL COMMENT 'id khóa chính',
  example_link_name varchar(255) DEFAULT NULL COMMENT 'Tên loại liên kết',
  example_link_type int(11) DEFAULT NULL COMMENT 'Loại liên kết',
  sort_order int(11) DEFAULT NULL COMMENT 'Thứ tự sắp xếp',
  created_date datetime DEFAULT NULL,
  modified_date datetime DEFAULT NULL,
  PRIMARY KEY (sys_example_link_id)
)
ENGINE = INNODB,
AVG_ROW_LENGTH = 1820,
CHARACTER SET utf8mb4,
COLLATE utf8mb4_general_ci,
COMMENT = 'Bảng sys loại liên kết giữa example với concept';

--
-- Create table `user`
--
CREATE TABLE user (
  user_id char(36) NOT NULL COMMENT 'id khóa chính',
  user_name varchar(100) DEFAULT NULL COMMENT 'Tên đăng nhập',
  password char(60) DEFAULT NULL COMMENT 'Mã hash mật khẩu',
  email varchar(50) DEFAULT NULL,
  full_name varchar(255) DEFAULT NULL COMMENT 'Tên đầy đủ',
  display_name varchar(100) DEFAULT NULL COMMENT 'Tên hiển thị',
  birthday datetime DEFAULT NULL COMMENT 'Ngày sinh',
  `position` varchar(255) DEFAULT NULL COMMENT 'Công việc',
  avatar text DEFAULT NULL COMMENT 'Link ảnh đại diện',
  status int(11) DEFAULT NULL COMMENT 'Trạng thái tài khoản',
  created_date datetime DEFAULT NULL,
  modified_date datetime DEFAULT NULL,
  PRIMARY KEY (user_id)
)
ENGINE = INNODB,
AVG_ROW_LENGTH = 5461,
CHARACTER SET utf8mb4,
COLLATE utf8mb4_general_ci,
COMMENT = 'Bảng chứa thông tin người dùng';

--
-- Create index `email` on table `user`
--
ALTER TABLE user
ADD UNIQUE INDEX email (email);

--
-- Create index `user_name` on table `user`
--
ALTER TABLE user
ADD UNIQUE INDEX user_name (user_name);

--
-- Create table `user_setting`
--
CREATE TABLE user_setting (
  user_setting_id char(36) NOT NULL COMMENT 'id khóa chính',
  user_id char(36) DEFAULT NULL COMMENT 'id người dùng',
  setting_key varchar(255) DEFAULT NULL COMMENT 'key',
  setting_value varchar(255) DEFAULT NULL COMMENT 'value',
  created_date datetime DEFAULT NULL,
  modified_date datetime DEFAULT NULL,
  PRIMARY KEY (user_setting_id)
)
ENGINE = INNODB,
CHARACTER SET utf8mb4,
COLLATE utf8mb4_general_ci,
COMMENT = 'Bảng chứa thông tin cấu hình của người dùng';

--
-- Create foreign key
--
ALTER TABLE user_setting
ADD CONSTRAINT FK_user_setting_user_id FOREIGN KEY (user_id)
REFERENCES user (user_id) ON DELETE CASCADE;

--
-- Create table `example_link`
--
CREATE TABLE example_link (
  example_link_id char(36) NOT NULL COMMENT 'id khóa chính',
  sys_example_link_id char(36) DEFAULT NULL COMMENT 'sys id',
  user_id char(36) DEFAULT NULL COMMENT 'id người dùng',
  example_link_name varchar(255) DEFAULT NULL COMMENT 'tên loại liên kết',
  example_link_type int(11) DEFAULT NULL COMMENT 'loại liên kết',
  sort_order int(11) DEFAULT NULL COMMENT 'thứ tự sắp xếp',
  created_date datetime DEFAULT NULL,
  modified_date datetime DEFAULT NULL,
  PRIMARY KEY (example_link_id)
)
ENGINE = INNODB,
AVG_ROW_LENGTH = 1820,
CHARACTER SET utf8mb4,
COLLATE utf8mb4_general_ci,
COMMENT = 'Bảng chứa thông tin loại liên kết example-content';

--
-- Create foreign key
--
ALTER TABLE example_link
ADD CONSTRAINT FK_example_link_sys_example_link_id FOREIGN KEY (sys_example_link_id)
REFERENCES sys_example_link (sys_example_link_id) ON DELETE CASCADE;

--
-- Create foreign key
--
ALTER TABLE example_link
ADD CONSTRAINT FK_example_link_user_id FOREIGN KEY (user_id)
REFERENCES user (user_id) ON DELETE CASCADE;

--
-- Create table `dictionary`
--
CREATE TABLE dictionary (
  dictionary_id char(36) NOT NULL COMMENT 'id khóa chính',
  user_id char(36) DEFAULT NULL COMMENT 'id người dùng (tham chiếu bảng user)',
  dictionary_name varchar(255) DEFAULT NULL COMMENT 'Tên dictionary',
  last_view_at datetime DEFAULT NULL COMMENT 'Thời điểm truy cập gần nhất',
  created_date datetime DEFAULT CURRENT_TIMESTAMP(),
  modified_date datetime DEFAULT NULL,
  PRIMARY KEY (dictionary_id)
)
ENGINE = INNODB,
AVG_ROW_LENGTH = 2730,
CHARACTER SET utf8mb4,
COLLATE utf8mb4_general_ci,
COMMENT = 'Bảng chứa thông tin dictionary';

--
-- Create foreign key
--
ALTER TABLE dictionary
ADD CONSTRAINT FK_dictionary_user_id FOREIGN KEY (user_id)
REFERENCES user (user_id) ON DELETE CASCADE;

--
-- Create table `example`
--
CREATE TABLE example (
  example_id char(36) NOT NULL,
  dictionary_id char(36) DEFAULT NULL,
  detail text DEFAULT NULL,
  detail_html text DEFAULT NULL,
  note varchar(255) DEFAULT NULL,
  tone_id char(36) DEFAULT NULL,
  register_id char(36) DEFAULT NULL,
  dialect_id char(36) DEFAULT NULL,
  mode_id char(36) DEFAULT NULL,
  nuance_id char(36) DEFAULT NULL,
  created_date datetime DEFAULT NULL,
  modified_date datetime DEFAULT NULL,
  PRIMARY KEY (example_id)
)
ENGINE = INNODB,
AVG_ROW_LENGTH = 862,
CHARACTER SET utf8mb4,
COLLATE utf8mb4_general_ci,
COMMENT = 'Bảng chứa thông tin example';

--
-- Create index `IX_fulltext_detail_note` on table `example`
--
ALTER TABLE example
ADD FULLTEXT INDEX IX_fulltext_detail_note (detail, note);

--
-- Create index `detail_note_ndx` on table `example`
--
ALTER TABLE example
ADD FULLTEXT INDEX detail_note_ndx (detail, note);

--
-- Create foreign key
--
ALTER TABLE example
ADD CONSTRAINT FK_example_dictionary_id FOREIGN KEY (dictionary_id)
REFERENCES dictionary (dictionary_id) ON DELETE CASCADE;

DELIMITER $$

--
-- Create procedure `Proc_Example_GetListMostRecentExample`
--
CREATE
DEFINER = 'root'@'localhost'
PROCEDURE Proc_Example_GetListMostRecentExample (IN $DictionaryId char(36), IN $Limit int)
BEGIN
  SELECT
    e.example_id,
    e.dictionary_id,
    e.detail,
    e.detail_html,
    e.note,
    e.tone_id,
    e.register_id,
    e.dialect_id,
    e.mode_id,
    e.nuance_id,
    e.created_date,
    e.modified_date
  FROM example e
  WHERE e.dictionary_id = $DictionaryId
  ORDER BY e.created_date DESC
  LIMIT $Limit;
END
$$

DELIMITER ;

--
-- Create table `concept`
--
CREATE TABLE concept (
  concept_id char(36) NOT NULL COMMENT 'id khóa chính',
  dictionary_id char(36) DEFAULT NULL COMMENT 'id dictionary (tham chiếu bảng dictionary)',
  title varchar(255) DEFAULT NULL COMMENT 'Tên concept',
  description varchar(500) DEFAULT NULL COMMENT 'Mô tả concept',
  normalized_title varchar(255) DEFAULT NULL,
  soundex_title varchar(50) DEFAULT NULL,
  created_date datetime DEFAULT NULL,
  modified_date datetime DEFAULT NULL,
  PRIMARY KEY (concept_id)
)
ENGINE = INNODB,
AVG_ROW_LENGTH = 324,
CHARACTER SET utf8mb4,
COLLATE utf8mb4_general_ci,
COMMENT = 'Bảng chứa thông tin concept';

--
-- Create foreign key
--
ALTER TABLE concept
ADD CONSTRAINT FK_concept_dictionary_id FOREIGN KEY (dictionary_id)
REFERENCES dictionary (dictionary_id) ON DELETE CASCADE;

DELIMITER $$

--
-- Create procedure `Proc_Dictionary_GetNumberRecord`
--
CREATE
DEFINER = 'root'@'localhost'
PROCEDURE Proc_Dictionary_GetNumberRecord (IN $DictionaryId char(36), OUT $NumberConcept int, OUT $NumberExample int)
BEGIN
  SET $NumberConcept = (SELECT
      COUNT(1)
    FROM concept
    WHERE dictionary_id = $DictionaryId);

  SET $NumberExample = (SELECT
      COUNT(1)
    FROM example
    WHERE dictionary_id = $DictionaryId);

END
$$

--
-- Create procedure `Proc_Concept_SearchConcept`
--
CREATE
DEFINER = 'root'@'localhost'
PROCEDURE Proc_Concept_SearchConcept (IN $DictionaryId char(36), IN $SearchKey varchar(255), IN $IsSearchSoundex bit)
COMMENT 'Store lấy danh sách concept trong từ điển theo điều kiện tìm kiếm'
BEGIN
  SELECT
    concept_id,
    dictionary_id,
    title,
    description,
    normalized_title,
    soundex_title,
    created_date,
    modified_date
  FROM concept c
  WHERE c.dictionary_id = $DictionaryId
  AND ($SearchKey IS NULL
  OR $SearchKey = ''
  OR c.normalized_title LIKE CONCAT('%', $SearchKey, '%')
  OR ($IsSearchSoundex = TRUE
  AND c.soundex_title = SOUNDEX($SearchKey)));
END
$$

--
-- Create procedure `Proc_Concept_GetListMostRecentConcept`
--
CREATE
DEFINER = 'root'@'localhost'
PROCEDURE Proc_Concept_GetListMostRecentConcept (IN $DictionaryId char(36), IN $Limit int)
COMMENT 'Store thực hiện lấy danh sách top concept thêm mới gần đây nhất'
BEGIN
  SELECT
    concept_id,
    dictionary_id,
    title,
    description,
    normalized_title,
    soundex_title,
    created_date,
    modified_date
  FROM concept c
  WHERE c.dictionary_id = $DictionaryId
  ORDER BY c.created_date DESC
  LIMIT $Limit;
END
$$

DELIMITER ;

--
-- Create table `example_relationship`
--
CREATE TABLE example_relationship (
  example_relationship_id int(11) NOT NULL AUTO_INCREMENT COMMENT 'id khóa chính',
  dictionary_id char(36) DEFAULT NULL COMMENT 'id dictionary',
  concept_id char(36) DEFAULT NULL,
  example_id char(36) DEFAULT NULL,
  example_link_id char(36) DEFAULT NULL,
  created_date datetime DEFAULT NULL,
  modified_date datetime DEFAULT NULL,
  PRIMARY KEY (example_relationship_id)
)
ENGINE = INNODB,
AUTO_INCREMENT = 120,
AVG_ROW_LENGTH = 1489,
CHARACTER SET utf8mb4,
COLLATE utf8mb4_general_ci,
COMMENT = 'Bảng chứa liên kết example-content';

--
-- Create foreign key
--
ALTER TABLE example_relationship
ADD CONSTRAINT FK_example_relationship_concept_id FOREIGN KEY (concept_id)
REFERENCES concept (concept_id) ON DELETE CASCADE;

--
-- Create foreign key
--
ALTER TABLE example_relationship
ADD CONSTRAINT FK_example_relationship_dictionary_id FOREIGN KEY (dictionary_id)
REFERENCES dictionary (dictionary_id) ON DELETE CASCADE;

--
-- Create foreign key
--
ALTER TABLE example_relationship
ADD CONSTRAINT FK_example_relationship_example_id FOREIGN KEY (example_id)
REFERENCES example (example_id) ON DELETE CASCADE;

--
-- Create foreign key
--
ALTER TABLE example_relationship
ADD CONSTRAINT FK_example_relationship_example_link_id FOREIGN KEY (example_link_id)
REFERENCES example_link (example_link_id) ON DELETE CASCADE;

DELIMITER $$

--
-- Create procedure `Proc_Example_SearchExample`
--
CREATE
DEFINER = 'root'@'localhost'
PROCEDURE Proc_Example_SearchExample (IN $DictionaryId char(36), IN $Keyword varchar(500), IN $ToneId char(36), IN $ModeId char(36), IN $RegisterId char(36), IN $NuanceId char(36), IN $DialectId char(36), IN $ListLinkedConceptId longtext, IN $IsSearchUndecided bit, IN $IsFulltextSearch bit)
COMMENT 'Tìm kiếm example'
BEGIN
  DROP TEMPORARY TABLE IF EXISTS tmpExample;
  CREATE TEMPORARY TABLE tmpExample (
    example_id char(36),
    detail text,
    detail_html text
  );

  INSERT INTO tmpExample (example_id, detail, detail_html)
    SELECT
      e.example_id,
      e.detail,
      e.detail_html
    FROM example e
    WHERE e.dictionary_id = $DictionaryId
    AND ($ToneId IS NULL
    OR e.tone_id = $ToneId)
    AND ($ModeId IS NULL
    OR e.mode_id = $ModeId)
    AND ($RegisterId IS NULL
    OR e.register_id = $RegisterId)
    AND ($NuanceId IS NULL
    OR e.nuance_id = $NuanceId)
    AND ($DialectId IS NULL
    OR e.dialect_id = $DialectId)
    AND ($Keyword IS NULL
    OR $Keyword = ''
    OR e.detail LIKE CONCAT('%', $Keyword, '%')
    OR e.note LIKE CONCAT('%', $Keyword, '%')
    OR ($IsFulltextSearch = TRUE
    AND MATCH(e.detail, e.note) AGAINST($Keyword)));

  IF $IsSearchUndecided = TRUE THEN -- Trường hợp tìm các example không có liên kết

    SELECT
      e.example_id,
      e.detail,
      e.detail_html
    FROM tmpExample e
      LEFT JOIN example_relationship er
        ON e.example_id = er.example_id
    WHERE er.example_relationship_id IS NULL;

  ELSEIF ($ListLinkedConceptId IS NULL
    OR $ListLinkedConceptId = '[]') THEN -- Trường hợp tìm tất cả các example
    SELECT
      e.example_id,
      e.detail,
      e.detail_html
    FROM tmpExample e;

  ELSE -- Trường hợp search example có liên kết cụ thể
  BEGIN
    DECLARE $NumberLink int DEFAULT 0;

    DROP TEMPORARY TABLE IF EXISTS tmpListConcept;
    CREATE TEMPORARY TABLE tmpListConcept (
      concept_id char(36)
    );

    INSERT INTO tmpListConcept (concept_id)
      SELECT DISTINCT
        concept_id
      FROM JSON_TABLE ($ListLinkedConceptId, '$[*]' COLUMNS (concept_id char(36) PATH '$')) AS jt;

    SET $NumberLink = (SELECT
        COUNT(1)
      FROM tmpListConcept);

    SELECT
      e.example_id,
      e.detail,
      e.detail_html
    FROM tmpExample e
      JOIN example_relationship er
        ON e.example_id = er.example_id
      JOIN tmpListConcept lc
        ON er.concept_id = lc.concept_id
    GROUP BY e.example_id,
             e.detail,
             e.detail_html
    HAVING COUNT(1) = $NumberLink;
  END;
  END IF;
END
$$

DELIMITER ;

--
-- Create view `view_example_relationship`
--
CREATE
DEFINER = 'root'@'localhost'
VIEW view_example_relationship
AS
SELECT
  `er`.`dictionary_id` AS `dictionary_id`,
  `c`.`concept_id` AS `concept_id`,
  `c`.`title` AS `concept`,
  `e`.`example_id` AS `example_id`,
  `e`.`detail` AS `example`,
  `e`.`detail_html` AS `example_html`,
  `el`.`example_link_id` AS `example_link_id`,
  `el`.`example_link_name` AS `example_link_name`,
  `c`.`created_date` AS `concept_created_date`,
  `e`.`created_date` AS `example_created_date`,
  `er`.`created_date` AS `relation_created_date`
FROM (((`example_relationship` `er`
  JOIN `concept` `c`
    ON (`er`.`concept_id` = `c`.`concept_id`))
  JOIN `example` `e`
    ON (`er`.`example_id` = `e`.`example_id`))
  LEFT JOIN `example_link` `el`
    ON (`er`.`example_link_id` = `el`.`example_link_id`));

--
-- Create table `audit_log`
--
CREATE TABLE audit_log (
  audit_log_id int(11) NOT NULL AUTO_INCREMENT COMMENT 'id khóa chính',
  user_id char(36) DEFAULT NULL COMMENT 'id người dùng',
  screen_info varchar(255) DEFAULT NULL COMMENT 'Thông tin màn hình',
  action_type int(11) DEFAULT NULL COMMENT 'Loại hành động',
  reference varchar(255) DEFAULT NULL COMMENT 'Thông tin tham chiếu, vd: id dictionary',
  description varchar(500) DEFAULT NULL COMMENT 'Mô tả',
  user_agent varchar(255) DEFAULT NULL,
  created_date datetime DEFAULT NULL,
  modified_date varchar(255) DEFAULT NULL,
  PRIMARY KEY (audit_log_id)
)
ENGINE = INNODB,
AUTO_INCREMENT = 358,
AVG_ROW_LENGTH = 328,
CHARACTER SET utf8mb4,
COLLATE utf8mb4_general_ci,
COMMENT = 'Bảng chứa thông tin lịch sử truy cập';

--
-- Create foreign key
--
ALTER TABLE audit_log
ADD CONSTRAINT FK_audit_log_user_id FOREIGN KEY (user_id)
REFERENCES user (user_id) ON DELETE CASCADE;

DELIMITER $$

--
-- Create procedure `Proc_Log_GetLogsFilterPaging`
--
CREATE
DEFINER = 'root'@'localhost'
PROCEDURE Proc_Log_GetLogsFilterPaging (IN $UserId char(36), IN $SearchFilter varchar(255), IN $PageIndex int, IN $PageSize int, IN $DateFrom datetime, IN $DateTo datetime, OUT $TotalRecord int, OUT $TotalPage int)
COMMENT 'Store lấy dữ liệu filter, phân trang audit log'
BEGIN
  IF $PageSize > 0 THEN
    SELECT
      al.audit_log_id,
      al.user_id,
      al.screen_info,
      al.action_type,
      al.reference,
      al.description,
      al.user_agent,
      al.created_date
    FROM audit_log al
    WHERE al.user_id = $UserId
    AND (
    $SearchFilter IS NULL
    OR $SearchFilter = ""
    OR (
    al.screen_info LIKE CONCAT('%', $SearchFilter, '%')
    OR al.description LIKE CONCAT('%', $SearchFilter, '%')
    OR al.user_agent LIKE CONCAT('%', $SearchFilter, '%')
    -- action_type ???
    )
    )
    AND (
    $DateFrom IS NULL
    OR al.created_date >= $DateFrom
    )
    AND (
    $DateTo IS NULL
    OR al.created_date <= $DateTo
    )
    ORDER BY al.created_date DESC
    LIMIT $PageSize OFFSET $PageIndex;

    -- Tổng số bản ghi
    SET $TotalRecord = (SELECT
        COUNT(al.audit_log_id)
      FROM audit_log al
      WHERE al.user_id = $UserId
      AND (
      $SearchFilter IS NULL
      OR $SearchFilter = ""
      OR (
      al.screen_info LIKE CONCAT('%', $SearchFilter, '%')
      OR al.description LIKE CONCAT('%', $SearchFilter, '%')
      OR al.user_agent LIKE CONCAT('%', $SearchFilter, '%')
      -- action_type ???
      )
      )
      AND (
      $DateFrom IS NULL
      OR al.created_date >= $DateFrom
      )
      AND (
      $DateTo IS NULL
      OR al.created_date <= $DateTo
      ));

    -- Tổng số trang
    SET $TotalPage = CEILING(1.0 * $TotalRecord / $PageSize);
  END IF;
END
$$

DELIMITER ;

--
-- Create table `sys_concept_link`
--
CREATE TABLE sys_concept_link (
  sys_concept_link_id char(36) NOT NULL COMMENT 'id khóa chính',
  concept_link_name varchar(255) DEFAULT NULL COMMENT 'Tên loại liên kết',
  concept_link_type int(11) DEFAULT NULL COMMENT 'Loại liên kết',
  sort_order int(11) DEFAULT NULL COMMENT 'Thứ tự sắp xếp',
  created_date datetime DEFAULT NULL,
  modified_date datetime DEFAULT NULL,
  PRIMARY KEY (sys_concept_link_id)
)
ENGINE = INNODB,
AVG_ROW_LENGTH = 5461,
CHARACTER SET utf8mb4,
COLLATE utf8mb4_general_ci,
COMMENT = 'Bảng sys loại liên kết giữa concept với concept';

--
-- Create table `concept_link`
--
CREATE TABLE concept_link (
  concept_link_id char(36) NOT NULL COMMENT 'id khóa chính',
  sys_concept_link_id char(36) DEFAULT NULL COMMENT 'id bảng sys',
  user_id char(36) DEFAULT NULL COMMENT 'id người dùng',
  concept_link_name varchar(255) DEFAULT NULL COMMENT 'Tên loại liên kết',
  concept_link_type int(11) DEFAULT NULL COMMENT 'Loại liên kết',
  sort_order int(11) DEFAULT NULL COMMENT 'Thứ tự sắp xếp',
  created_date datetime DEFAULT NULL,
  modified_date datetime DEFAULT NULL,
  PRIMARY KEY (concept_link_id)
)
ENGINE = INNODB,
AVG_ROW_LENGTH = 5461,
CHARACTER SET utf8mb4,
COLLATE utf8mb4_general_ci,
COMMENT = 'Bảng chứa thông tin loại liên kết concept-concept';

--
-- Create foreign key
--
ALTER TABLE concept_link
ADD CONSTRAINT FK_concept_link_sys_concept_link_id FOREIGN KEY (sys_concept_link_id)
REFERENCES sys_concept_link (sys_concept_link_id) ON DELETE CASCADE;

--
-- Create foreign key
--
ALTER TABLE concept_link
ADD CONSTRAINT FK_concept_link_user_id FOREIGN KEY (user_id)
REFERENCES user (user_id) ON DELETE CASCADE;

--
-- Create table `concept_relationship`
--
CREATE TABLE concept_relationship (
  concept_relationship_id int(11) NOT NULL AUTO_INCREMENT COMMENT 'id khóa chính',
  dictionary_id char(36) DEFAULT NULL COMMENT 'id dictionảy',
  concept_id char(36) DEFAULT NULL COMMENT 'id concept',
  parent_id char(36) DEFAULT NULL COMMENT 'id concept cha',
  concept_link_id char(36) DEFAULT NULL COMMENT 'id loại liên kết concept-concept',
  created_date datetime DEFAULT NULL,
  modified_date datetime DEFAULT NULL,
  PRIMARY KEY (concept_relationship_id)
)
ENGINE = INNODB,
AUTO_INCREMENT = 284,
AVG_ROW_LENGTH = 230,
CHARACTER SET utf8mb4,
COLLATE utf8mb4_general_ci,
COMMENT = 'Bảng chứa liên kết concept-concept';

--
-- Create foreign key
--
ALTER TABLE concept_relationship
ADD CONSTRAINT FK_concept_relationship_concept_id FOREIGN KEY (concept_id)
REFERENCES concept (concept_id) ON DELETE CASCADE;

--
-- Create foreign key
--
ALTER TABLE concept_relationship
ADD CONSTRAINT FK_concept_relationship_concept_link_id FOREIGN KEY (concept_link_id)
REFERENCES concept_link (concept_link_id) ON DELETE CASCADE;

--
-- Create foreign key
--
ALTER TABLE concept_relationship
ADD CONSTRAINT FK_concept_relationship_dictionary_id FOREIGN KEY (dictionary_id)
REFERENCES dictionary (dictionary_id) ON DELETE CASCADE;

--
-- Create foreign key
--
ALTER TABLE concept_relationship
ADD CONSTRAINT FK_concept_relationship_parent_id FOREIGN KEY (parent_id)
REFERENCES concept (concept_id) ON DELETE CASCADE;

DELIMITER $$

--
-- Create procedure `Proc_Dictionary_DeleteDictionaryData`
--
CREATE
DEFINER = 'root'@'localhost'
PROCEDURE Proc_Dictionary_DeleteDictionaryData (IN $DictionaryId char(36))
COMMENT 'Store thực hiện xóa dữ liệu của 1 dictionary'
BEGIN
  DECLARE EXIT HANDLER FOR SQLEXCEPTION
  BEGIN
    ROLLBACK;
    RESIGNAL;
  END;

  START TRANSACTION;
    -- ==================================================================================================================
    -- ====================================== Xóa dữ liệu của dictionary =======================================
    -- ==================================================================================================================
    DELETE
      FROM concept_relationship
    WHERE dictionary_id = $DictionaryId;

    DELETE
      FROM example_relationship
    WHERE dictionary_id = $DictionaryId;

    DELETE
      FROM concept
    WHERE dictionary_id = $DictionaryId;

    DELETE
      FROM example
    WHERE dictionary_id = $DictionaryId;
  COMMIT;
END
$$

--
-- Create procedure `Proc_Dictionary_CloneDictionaryData`
--
CREATE
DEFINER = 'root'@'localhost'
PROCEDURE Proc_Dictionary_CloneDictionaryData (IN $SourceDictionaryId char(36), IN $DestDictionaryId char(36))
COMMENT 'Store thực hiện clone dữ liệu từ điển (có xóa dữ liệu từ điển đích)'
BEGIN
  DECLARE EXIT HANDLER FOR SQLEXCEPTION
  BEGIN
    ROLLBACK;
    RESIGNAL;
  END;

  START TRANSACTION;
    -- ==================================================================================================================
    -- ====================================== Xóa dữ liệu của dictionary đích ===================================
    -- ==================================================================================================================
    DELETE
      FROM concept_relationship
    WHERE dictionary_id = $DestDictionaryId;

    DELETE
      FROM example_relationship
    WHERE dictionary_id = $DestDictionaryId;

    DELETE
      FROM concept
    WHERE dictionary_id = $DestDictionaryId;

    DELETE
      FROM example
    WHERE dictionary_id = $DestDictionaryId;

    -- ==================================================================================================================
    -- ====================================== Chuẩn bị bảng tạm map id phần tử cũ và phần tử mới ========================
    -- ==================================================================================================================
    -- Bảng tạm map id concept cũ và concept mới
    DROP TEMPORARY TABLE IF EXISTS tmpMapConcept;
    CREATE TEMPORARY TABLE tmpMapConcept (
      old_concept_id char(36),
      new_concept_id char(36)
    );

    INSERT INTO tmpMapConcept (old_concept_id, new_concept_id)
      SELECT
        c.concept_id,
        UUID()
      FROM concept c
      WHERE c.dictionary_id = $SourceDictionaryId;

    -- Bảng tạm map id example cũ và example mới
    DROP TEMPORARY TABLE IF EXISTS tmpMapExample;
    CREATE TEMPORARY TABLE tmpMapExample (
      old_example_id char(36),
      new_example_id char(36)
    );

    INSERT INTO tmpMapExample (old_example_id, new_example_id)
      SELECT
        e.example_id,
        UUID()
      FROM example e
      WHERE e.dictionary_id = $SourceDictionaryId;

    -- ==================================================================================================================
    -- ====================================== Insert dữ liệu clone ======================================================
    -- ==================================================================================================================
    INSERT INTO concept (concept_id, dictionary_id, title, description, created_date, modified_date)
      SELECT
        mc.new_concept_id,
        $DestDictionaryId,
        c.title,
        c.description,
        NOW(),
        NULL
      FROM concept c
        JOIN tmpMapConcept mc
          ON c.concept_id = mc.old_concept_id
      WHERE c.dictionary_id = $SourceDictionaryId;

    INSERT INTO concept_relationship (dictionary_id, concept_id, parent_id, concept_link_id, created_date, modified_date)
      SELECT
        $DestDictionaryId,
        mc.new_concept_id,
        mc1.new_concept_id,
        cr.concept_link_id,
        NOW(),
        NULL
      FROM concept_relationship cr
        JOIN tmpMapConcept mc
          ON cr.concept_id = mc.old_concept_id
        JOIN tmpMapConcept mc1
          ON cr.parent_id = mc1.old_concept_id
      WHERE cr.dictionary_id = $SourceDictionaryId;

    INSERT INTO example (example_id, dictionary_id, detail, detail_html, note, tone_id, register_id, dialect_id, mode_id, nuance_id, created_date, modified_date)
      SELECT
        me.new_example_id,
        $DestDictionaryId,
        e.detail,
        e.detail_html,
        e.note,
        e.tone_id,
        e.register_id,
        e.dialect_id,
        e.mode_id,
        e.nuance_id,
        NOW(),
        NULL
      FROM example e
        JOIN tmpMapExample me
          ON e.example_id = me.old_example_id
      WHERE e.dictionary_id = $SourceDictionaryId;

    INSERT INTO example_relationship (dictionary_id, concept_id, example_id, example_link_id, created_date, modified_date)
      SELECT
        $DestDictionaryId,
        mc.new_concept_id,
        me.new_example_id,
        er.example_link_id,
        NOW(),
        NULL
      FROM example_relationship er
        JOIN tmpMapConcept mc
          ON er.concept_id = mc.old_concept_id
        JOIN tmpMapExample me
          ON er.example_id = me.old_example_id
      WHERE er.dictionary_id = $SourceDictionaryId;
  COMMIT;
END
$$

--
-- Create procedure `Proc_Dictionary_TransferDictionaryData`
--
CREATE
DEFINER = 'root'@'localhost'
PROCEDURE Proc_Dictionary_TransferDictionaryData (IN $SourceDictionaryId char(36), IN $DestDictionaryId char(36), IN $IsDeleteData bit)
COMMENT 'Store thực hiện copy dữ liệu từ từ điển nguồn và gộp vào dữ liệu ở từ điển đích'
BEGIN
  DECLARE EXIT HANDLER FOR SQLEXCEPTION
  BEGIN
    ROLLBACK;
    RESIGNAL;
  END;

  IF $IsDeleteData = TRUE THEN
    CALL Proc_Dictionary_CloneDictionaryData($SourceDictionaryId, $DestDictionaryId);
  ELSE
  BEGIN
    START TRANSACTION;
      -- ==================================================================================================================
      -- ====================================== Chuẩn bị bảng tạm map id phần tử cũ và phần tử mới ========================
      -- ==================================================================================================================
      -- Bảng tạm map id concept nguồn và concept đích
      DROP TEMPORARY TABLE IF EXISTS tmpMapConcept;
      CREATE TEMPORARY TABLE tmpMapConcept (
        source_concept_id char(36),
        dest_concept_id char(36),
        new_concept_id char(36)
      );

      INSERT INTO tmpMapConcept (source_concept_id, dest_concept_id, new_concept_id)
        SELECT
          c.concept_id,
          c1.concept_id,
          IFNULL(c1.concept_id, UUID())
        FROM concept c
          LEFT JOIN concept c1
            ON c.title = c1.title
            AND c1.dictionary_id = $DestDictionaryId
        WHERE c.dictionary_id = $SourceDictionaryId;

      -- Bảng tạm map id example cũ và example mới
      DROP TEMPORARY TABLE IF EXISTS tmpMapExample;
      CREATE TEMPORARY TABLE tmpMapExample (
        source_example_id char(36),
        dest_example_id char(36),
        new_example_id char(36)
      );

      INSERT INTO tmpMapExample (source_example_id, dest_example_id, new_example_id)
        SELECT
          e.example_id,
          e1.example_id,
          IFNULL(e1.example_id, UUID())
        FROM example e
          LEFT JOIN example e1
            ON e.detail_html = e1.detail_html
            AND e1.dictionary_id = $DestDictionaryId
        WHERE e.dictionary_id = $SourceDictionaryId;

      -- ==================================================================================================================
      -- ====================================== Insert dữ liệu copy =======================================================
      -- ==================================================================================================================
      INSERT INTO concept (concept_id, dictionary_id, title, description, created_date, modified_date)
        SELECT
          mc.new_concept_id,
          $DestDictionaryId,
          c.title,
          c.description,
          NOW(),
          NULL
        FROM concept c
          JOIN tmpMapConcept mc
            ON c.concept_id = mc.source_concept_id
            AND mc.dest_concept_id IS NULL
        WHERE c.dictionary_id = $SourceDictionaryId;

      INSERT INTO example (example_id, dictionary_id, detail, detail_html, note, tone_id, register_id, dialect_id, mode_id, nuance_id, created_date, modified_date)
        SELECT
          me.new_example_id,
          $DestDictionaryId,
          e.detail,
          e.detail_html,
          e.note,
          e.tone_id,
          e.register_id,
          e.dialect_id,
          e.mode_id,
          e.nuance_id,
          NOW(),
          NULL
        FROM example e
          JOIN tmpMapExample me
            ON e.example_id = me.source_example_id
            AND me.dest_example_id IS NULL
        WHERE e.dictionary_id = $SourceDictionaryId;

      INSERT INTO concept_relationship (dictionary_id, concept_id, parent_id, concept_link_id, created_date, modified_date)
        SELECT
          $DestDictionaryId,
          tmpSrc.id1,
          tmpSrc.id2,
          tmpSrc.link_id,
          NOW(),
          NULL
        FROM (SELECT
            mc.new_concept_id id1,
            mc1.new_concept_id id2,
            cr.concept_link_id link_id
          FROM concept_relationship cr
            JOIN tmpMapConcept mc
              ON cr.concept_id = mc.source_concept_id
            JOIN tmpMapConcept mc1
              ON cr.parent_id = mc1.source_concept_id
          WHERE cr.dictionary_id = $SourceDictionaryId) tmpSrc
          LEFT JOIN (SELECT
              cr1.concept_id id1,
              cr1.parent_id id2
            FROM concept_relationship cr1
            WHERE cr1.dictionary_id = $DestDictionaryId
            UNION
            SELECT
              cr1.parent_id id1,
              cr1.concept_id id2
            FROM concept_relationship cr1
            WHERE cr1.dictionary_id = $DestDictionaryId) tmpDest
            ON tmpSrc.id1 = tmpDest.id1
            AND tmpSrc.id2 = tmpDest.id2
        WHERE tmpDest.id1 IS NULL
        AND tmpDest.id2 IS NULL;

      INSERT INTO example_relationship (dictionary_id, concept_id, example_id, example_link_id, created_date, modified_date)
        SELECT
          $DestDictionaryId,
          tmpSrc.c_id,
          tmpSrc.e_id,
          tmpSrc.link_id,
          NOW(),
          NULL
        FROM (SELECT
            mc.new_concept_id c_id,
            me.new_example_id e_id,
            er.example_link_id link_id
          FROM example_relationship er
            JOIN tmpMapConcept mc
              ON er.concept_id = mc.source_concept_id
            JOIN tmpMapExample me
              ON er.example_id = me.source_example_id
          WHERE er.dictionary_id = $SourceDictionaryId) tmpSrc
          LEFT JOIN (SELECT
              er1.concept_id c_id,
              er1.example_id e_id
            FROM example_relationship er1
            WHERE er1.dictionary_id = $DestDictionaryId) tmpDest
            ON tmpSrc.c_id = tmpDest.c_id
            AND tmpSrc.e_id = tmpDest.e_id
        WHERE tmpDest.c_id IS NULL
        AND tmpDest.e_id IS NULL;
    COMMIT;
  END;
  END IF;

END
$$

DELIMITER ;

--
-- Create view `view_concept_relationship`
--
CREATE
DEFINER = 'root'@'localhost'
VIEW view_concept_relationship
AS
SELECT
  `cr`.`dictionary_id` AS `dictionary_id`,
  `c`.`concept_id` AS `child_id`,
  `c`.`title` AS `child_name`,
  `c1`.`concept_id` AS `parent_id`,
  `c1`.`title` AS `parent_name`,
  `cl`.`concept_link_id` AS `concept_link_id`,
  `cl`.`concept_link_name` AS `concept_link_name`,
  `c`.`created_date` AS `child_created_date`,
  `c1`.`created_date` AS `parent_created_date`,
  `cr`.`created_date` AS `relation_created_date`
FROM (((`concept_relationship` `cr`
  JOIN `concept` `c`
    ON (`cr`.`concept_id` = `c`.`concept_id`))
  JOIN `concept` `c1`
    ON (`cr`.`parent_id` = `c1`.`concept_id`))
  LEFT JOIN `concept_link` `cl`
    ON (`cr`.`concept_link_id` = `cl`.`concept_link_id`));

--
-- Create table `sys_dialect`
--
CREATE TABLE sys_dialect (
  sys_dialect_id char(36) NOT NULL COMMENT 'id khóa chính',
  dialect_name varchar(255) DEFAULT NULL COMMENT 'Tên dialect',
  dialect_type int(11) DEFAULT NULL COMMENT 'Loại dialect',
  sort_order int(11) DEFAULT NULL COMMENT 'Thứ tự sắp xếp',
  created_date datetime DEFAULT NULL,
  modified_date datetime DEFAULT NULL,
  PRIMARY KEY (sys_dialect_id)
)
ENGINE = INNODB,
AVG_ROW_LENGTH = 4096,
CHARACTER SET utf8mb4,
COLLATE utf8mb4_general_ci,
COMMENT = 'Bảng sys loại dialect';

--
-- Create table `dialect`
--
CREATE TABLE dialect (
  dialect_id char(36) NOT NULL,
  sys_dialect_id char(36) DEFAULT NULL,
  user_id char(36) DEFAULT NULL,
  dialect_name varchar(255) DEFAULT NULL,
  dialect_type int(11) DEFAULT NULL,
  sort_order int(11) DEFAULT NULL,
  created_date datetime DEFAULT NULL,
  modified_date datetime DEFAULT NULL,
  PRIMARY KEY (dialect_id)
)
ENGINE = INNODB,
AVG_ROW_LENGTH = 4096,
CHARACTER SET utf8mb4,
COLLATE utf8mb4_general_ci,
COMMENT = 'Bảng danh sách dialect';

--
-- Create foreign key
--
ALTER TABLE dialect
ADD CONSTRAINT FK_dialect_sys_dialect_id FOREIGN KEY (sys_dialect_id)
REFERENCES sys_dialect (sys_dialect_id) ON DELETE CASCADE;

--
-- Create foreign key
--
ALTER TABLE dialect
ADD CONSTRAINT FK_dialect_user_id FOREIGN KEY (user_id)
REFERENCES user (user_id) ON DELETE CASCADE;

--
-- Create table `sys_nuance`
--
CREATE TABLE sys_nuance (
  sys_nuance_id char(36) NOT NULL COMMENT 'id khóa chính',
  nuance_name varchar(255) DEFAULT NULL COMMENT 'Tên nuance',
  nuance_type int(11) DEFAULT NULL COMMENT 'Loại nuance',
  sort_order int(11) DEFAULT NULL COMMENT 'Thứ tự sắp xếp',
  created_date datetime DEFAULT NULL,
  modified_date datetime DEFAULT NULL,
  PRIMARY KEY (sys_nuance_id)
)
ENGINE = INNODB,
AVG_ROW_LENGTH = 3276,
CHARACTER SET utf8mb4,
COLLATE utf8mb4_general_ci,
COMMENT = 'Bảng sys loại nuance';

--
-- Create table `nuance`
--
CREATE TABLE nuance (
  nuance_id char(36) NOT NULL,
  sys_nuance_id char(36) DEFAULT NULL,
  user_id char(36) DEFAULT NULL,
  nuance_name varchar(255) DEFAULT NULL,
  nuance_type int(11) DEFAULT NULL,
  sort_order int(11) DEFAULT NULL,
  created_date datetime DEFAULT NULL,
  modified_date datetime DEFAULT NULL,
  PRIMARY KEY (nuance_id)
)
ENGINE = INNODB,
AVG_ROW_LENGTH = 3276,
CHARACTER SET utf8mb4,
COLLATE utf8mb4_general_ci,
COMMENT = 'Bảng danh sách nuance';

--
-- Create foreign key
--
ALTER TABLE nuance
ADD CONSTRAINT FK_nuance_sys_nuance_id FOREIGN KEY (sys_nuance_id)
REFERENCES sys_nuance (sys_nuance_id) ON DELETE CASCADE;

--
-- Create foreign key
--
ALTER TABLE nuance
ADD CONSTRAINT FK_nuance_user_id FOREIGN KEY (user_id)
REFERENCES user (user_id) ON DELETE CASCADE;

--
-- Create table `sys_register`
--
CREATE TABLE sys_register (
  sys_register_id char(36) NOT NULL COMMENT 'id khóa chính',
  register_name varchar(255) DEFAULT NULL COMMENT 'Tên register',
  register_type varchar(255) DEFAULT NULL COMMENT 'Loại register',
  sort_order int(11) DEFAULT NULL COMMENT 'Thứ tự sắp xếp',
  created_date datetime DEFAULT NULL,
  modified_date datetime DEFAULT NULL,
  PRIMARY KEY (sys_register_id)
)
ENGINE = INNODB,
AVG_ROW_LENGTH = 1820,
CHARACTER SET utf8mb4,
COLLATE utf8mb4_general_ci,
COMMENT = 'Bảng sys loại register';

--
-- Create table `register`
--
CREATE TABLE register (
  register_id char(36) NOT NULL,
  sys_register_id char(36) DEFAULT NULL,
  user_id char(36) DEFAULT NULL,
  register_name varchar(255) DEFAULT NULL,
  register_type int(11) DEFAULT NULL,
  sort_order int(11) DEFAULT NULL,
  created_date datetime DEFAULT NULL,
  modified_date datetime DEFAULT NULL,
  PRIMARY KEY (register_id)
)
ENGINE = INNODB,
AVG_ROW_LENGTH = 1820,
CHARACTER SET utf8mb4,
COLLATE utf8mb4_general_ci,
COMMENT = 'Bảng danh sách register';

--
-- Create foreign key
--
ALTER TABLE register
ADD CONSTRAINT FK_register_sys_register_id FOREIGN KEY (sys_register_id)
REFERENCES sys_register (sys_register_id) ON DELETE CASCADE;

--
-- Create foreign key
--
ALTER TABLE register
ADD CONSTRAINT FK_register_user_id FOREIGN KEY (user_id)
REFERENCES user (user_id) ON DELETE CASCADE;

--
-- Create table `sys_mode`
--
CREATE TABLE sys_mode (
  sys_mode_id char(36) NOT NULL COMMENT 'id khóa chính',
  mode_name varchar(255) DEFAULT NULL COMMENT 'Tên mode',
  mode_type int(11) DEFAULT NULL COMMENT 'Loại mode',
  sort_order int(11) DEFAULT NULL COMMENT 'Thứ tự sắp xếp',
  created_date datetime DEFAULT NULL,
  modified_date datetime DEFAULT NULL,
  PRIMARY KEY (sys_mode_id)
)
ENGINE = INNODB,
AVG_ROW_LENGTH = 5461,
CHARACTER SET utf8mb4,
COLLATE utf8mb4_general_ci,
COMMENT = 'Bảng sys loại mode';

--
-- Create table `mode`
--
CREATE TABLE mode (
  mode_id char(36) NOT NULL,
  sys_mode_id char(36) DEFAULT NULL,
  user_id char(36) DEFAULT NULL,
  mode_name varchar(255) DEFAULT NULL,
  mode_type int(11) DEFAULT NULL,
  sort_order int(11) DEFAULT NULL,
  created_date datetime DEFAULT NULL,
  modified_date datetime DEFAULT NULL,
  PRIMARY KEY (mode_id)
)
ENGINE = INNODB,
AVG_ROW_LENGTH = 5461,
CHARACTER SET utf8mb4,
COLLATE utf8mb4_general_ci,
COMMENT = 'Bảng danh sách mode';

--
-- Create foreign key
--
ALTER TABLE mode
ADD CONSTRAINT FK_mode_sys_mode_id FOREIGN KEY (sys_mode_id)
REFERENCES sys_mode (sys_mode_id) ON DELETE CASCADE;

--
-- Create foreign key
--
ALTER TABLE mode
ADD CONSTRAINT FK_mode_user_id FOREIGN KEY (user_id)
REFERENCES user (user_id) ON DELETE CASCADE;

--
-- Create table `sys_tone`
--
CREATE TABLE sys_tone (
  sys_tone_id char(36) NOT NULL COMMENT 'id khóa chính',
  tone_name varchar(255) DEFAULT NULL COMMENT 'Tên tone',
  tone_type int(11) DEFAULT NULL COMMENT 'Loại tone',
  sort_order int(11) DEFAULT NULL COMMENT 'Thứ tự sắp xếp',
  created_date datetime DEFAULT NULL,
  modified_date datetime DEFAULT NULL,
  PRIMARY KEY (sys_tone_id)
)
ENGINE = INNODB,
AVG_ROW_LENGTH = 3276,
CHARACTER SET utf8mb4,
COLLATE utf8mb4_general_ci,
COMMENT = 'Bảng sys loại tone';

--
-- Create table `tone`
--
CREATE TABLE tone (
  tone_id char(36) NOT NULL,
  sys_tone_id char(36) DEFAULT NULL,
  user_id char(36) DEFAULT NULL,
  tone_name varchar(255) DEFAULT NULL,
  tone_type int(11) DEFAULT NULL,
  sort_order int(11) DEFAULT NULL,
  created_date datetime DEFAULT NULL,
  modified_date datetime DEFAULT NULL,
  PRIMARY KEY (tone_id)
)
ENGINE = INNODB,
AVG_ROW_LENGTH = 3276,
CHARACTER SET utf8mb4,
COLLATE utf8mb4_general_ci,
COMMENT = 'Bảng danh sách tone';

--
-- Create foreign key
--
ALTER TABLE tone
ADD CONSTRAINT FK_tone_sys_tone_id FOREIGN KEY (sys_tone_id)
REFERENCES sys_tone (sys_tone_id) ON DELETE CASCADE;

--
-- Create foreign key
--
ALTER TABLE tone
ADD CONSTRAINT FK_tone_user_id FOREIGN KEY (user_id)
REFERENCES user (user_id) ON DELETE CASCADE;

DELIMITER $$

--
-- Create procedure `Proc_Account_CreateActivatedAccountData`
--
CREATE
DEFINER = 'root'@'localhost'
PROCEDURE Proc_Account_CreateActivatedAccountData (IN $UserId char(36))
COMMENT 'Store khởi tạo bộ dữ liệu người dùng'
BEGIN
  DECLARE EXIT HANDLER FOR SQLEXCEPTION
  BEGIN
    ROLLBACK;
    RESIGNAL;
  END;

  START TRANSACTION;
    IF (SELECT
          EXISTS (SELECT
              1
            FROM user u
            WHERE u.user_id = $UserId
            AND u.status = 2)) THEN
      UPDATE user
      SET status = 1
      WHERE user_id = $UserId;

      INSERT INTO dictionary (dictionary_id, user_id, dictionary_name, last_view_at, created_date, modified_date)
        VALUES (UUID(), $UserId, 'My PVO', NULL, NOW(), NULL);

      INSERT INTO concept_link (concept_link_id, sys_concept_link_id, user_id, concept_link_name, concept_link_type, sort_order, created_date, modified_date)
        SELECT
          UUID(),
          scl.sys_concept_link_id,
          $UserId,
          scl.concept_link_name,
          scl.concept_link_type,
          scl.sort_order,
          NOW(),
          NULL
        FROM sys_concept_link scl;

      INSERT INTO example_link (example_link_id, sys_example_link_id, user_id, example_link_name, example_link_type, sort_order, created_date, modified_date)
        SELECT
          UUID(),
          sel.sys_example_link_id,
          $UserId,
          sel.example_link_name,
          sel.example_link_type,
          sel.sort_order,
          NOW(),
          NULL
        FROM sys_example_link sel;

      INSERT INTO tone (tone_id, sys_tone_id, user_id, tone_name, tone_type, sort_order, created_date, modified_date)
        SELECT
          UUID(),
          st.sys_tone_id,
          $UserId,
          st.tone_name,
          st.tone_type,
          st.sort_order,
          NOW(),
          NULL
        FROM sys_tone st;

      INSERT INTO mode (mode_id, sys_mode_id, user_id, mode_name, mode_type, sort_order, created_date, modified_date)
        SELECT
          UUID(),
          sm.sys_mode_id,
          $UserId,
          sm.mode_name,
          sm.mode_type,
          sm.sort_order,
          NOW(),
          NULL
        FROM sys_mode sm;

      INSERT INTO register (register_id, sys_register_id, user_id, register_name, register_type, sort_order, created_date, modified_date)
        SELECT
          UUID(),
          sr.sys_register_id,
          $UserId,
          sr.register_name,
          sr.register_type,
          sr.sort_order,
          NOW(),
          NULL
        FROM sys_register sr;

      INSERT INTO nuance (nuance_id, sys_nuance_id, user_id, nuance_name, nuance_type, sort_order, created_date, modified_date)
        SELECT
          UUID(),
          sn.sys_nuance_id,
          $UserId,
          sn.nuance_name,
          sn.nuance_type,
          sn.sort_order,
          NOW(),
          NULL
        FROM sys_nuance sn;

      INSERT INTO dialect (dialect_id, sys_dialect_id, user_id, dialect_name, dialect_type, sort_order, created_date, modified_date)
        SELECT
          UUID(),
          sd.sys_dialect_id,
          $UserId,
          sd.dialect_name,
          sd.dialect_type,
          sd.sort_order,
          NOW(),
          NULL
        FROM sys_dialect sd;
    END IF;
  COMMIT;
END
$$

DELIMITER ;

--
-- Create view `view_example`
--
CREATE
DEFINER = 'root'@'localhost'
VIEW view_example
AS
SELECT
  `e`.`dictionary_id` AS `dictionary_id`,
  `e`.`example_id` AS `example_id`,
  `e`.`detail` AS `detail`,
  `e`.`detail_html` AS `detail_html`,
  IFNULL(`t`.`tone_name`, 'Neutral') AS `tone_name`,
  IFNULL(`m`.`mode_name`, 'Neutral') AS `mode_name`,
  IFNULL(`r`.`register_name`, 'Neutral') AS `register_name`,
  IFNULL(`n`.`nuance_name`, 'Neutral') AS `nuance_name`,
  IFNULL(`d`.`dialect_name`, 'Neutral') AS `dialect_name`,
  `e`.`note` AS `note`,
  `e`.`created_date` AS `created_date`,
  `e`.`modified_date` AS `modified_date`
FROM (((((`example` `e`
  LEFT JOIN `tone` `t`
    ON (`e`.`tone_id` = `t`.`tone_id`))
  LEFT JOIN `mode` `m`
    ON (`e`.`mode_id` = `m`.`mode_id`))
  LEFT JOIN `register` `r`
    ON (`e`.`register_id` = `r`.`register_id`))
  LEFT JOIN `nuance` `n`
    ON (`e`.`nuance_id` = `n`.`nuance_id`))
  LEFT JOIN `dialect` `d`
    ON (`e`.`dialect_id` = `d`.`dialect_id`));

--
-- Create table `cache_sql`
--
CREATE TABLE cache_sql (
  cache_sql_id int(11) NOT NULL AUTO_INCREMENT,
  cache_key varchar(255) DEFAULT NULL,
  value longtext DEFAULT NULL,
  user_id char(36) DEFAULT NULL,
  cache_type int(11) DEFAULT NULL,
  start_time timestamp NULL DEFAULT NULL,
  end_time timestamp NULL DEFAULT NULL,
  created_date datetime DEFAULT NULL,
  modified_date datetime DEFAULT NULL,
  PRIMARY KEY (cache_sql_id)
)
ENGINE = INNODB,
AUTO_INCREMENT = 68,
AVG_ROW_LENGTH = 10922,
CHARACTER SET utf8mb4,
COLLATE utf8mb4_general_ci,
COMMENT = 'Cache dữ liệu';

DELIMITER $$

--
-- Create event `Event_DeleteCacheSql`
--
CREATE 
	DEFINER = 'root'@'localhost'
EVENT Event_DeleteCacheSql
	ON SCHEDULE EVERY '12' HOUR
	STARTS '2023-06-07 23:14:27'
	DO 
BEGIN
  DELETE FROM cache_sql WHERE end_time < NOW();
END
$$

ALTER 
	DEFINER = 'root'@'localhost'
EVENT Event_DeleteCacheSql
	ENABLE
$$

DELIMITER ;

--
-- Create table `cache_external_word_api`
--
CREATE TABLE cache_external_word_api (
  id int(11) NOT NULL AUTO_INCREMENT,
  word varchar(50) DEFAULT NULL,
  route varchar(100) DEFAULT NULL,
  external_api_type int(11) DEFAULT NULL,
  value text DEFAULT NULL,
  created_date datetime DEFAULT NULL,
  modified_date datetime DEFAULT NULL,
  PRIMARY KEY (id)
)
ENGINE = INNODB,
AUTO_INCREMENT = 34,
AVG_ROW_LENGTH = 5461,
CHARACTER SET utf8mb4,
COLLATE utf8mb4_general_ci,
COMMENT = 'Bảng cache dữ liệu request ';

-- 
-- Dumping data for table user
--
INSERT INTO user VALUES
('8c38ae6f-223c-493a-b7a3-6a4122986848', 'hieu.pt183535@gmail.com', '$2a$11$lf9NxwtLyZykJaJ/PP5I.Oiri1NsXQPCRBj7R.iJCqiGJVfXuPwVK', 'hieu.pt183535@gmail.com', 'Phạm Trung Hiếu 1', 'Hieu Pham 1', '2000-11-03 00:00:00', 'Web Developer', NULL, 1, '2023-05-21 21:13:08', NULL),
('d2a85e00-4fc4-4cc9-845d-4ad90da292d5', 'thienthan.bayvut@gmail.com', '$2a$11$BVnmt4e3mg8YDsBW0NYF8u.mTgpJCkASWXn8L9HJu6NCOdXd5SXHm', 'thienthan.bayvut@gmail.com', 'Phạm Trung Hiếu', 'Hieu Pham', '2000-11-03 00:00:00', 'Developer', 'https://firebasestorage.googleapis.com/v0/b/hust-pvo.appspot.com/o/Development%2Favatar%2Fd2a85e00-4fc4-4cc9-845d-4ad90da292d5?alt=media&token=49136173-df9f-4153-a875-7bd1e17b4998', 1, '2023-05-03 18:30:35', NULL),
('e371671b-430d-45b9-a50e-b218a16bb8bc', 'thienthan.bayvut1@gmail.com', '$2a$11$s8.Y.4pxcT.zCVY0sc/y/uktCgFLxCCKyXrHtySh0CjBlfdRZM54i', 'thienthan.bayvut1@gmail.com', NULL, NULL, NULL, NULL, NULL, 1, '2023-06-17 15:51:08', NULL);

-- 
-- Dumping data for table sys_example_link
--
INSERT INTO sys_example_link VALUES
('2d1bc576-dbfd-11ed-a1e6-a44cc8756a37', 'Idiom', 2, 2, '2023-04-16 09:19:32', NULL),
('2d1bc640-dbfd-11ed-a1e6-a44cc8756a37', 'Nominal', 3, 3, '2023-04-16 09:19:32', NULL),
('2d1bc69a-dbfd-11ed-a1e6-a44cc8756a37', 'Agent', 4, 4, '2023-04-16 09:19:32', NULL),
('2d1bc6d7-dbfd-11ed-a1e6-a44cc8756a37', 'Patient', 5, 5, '2023-04-16 09:19:32', NULL),
('2d1bc70f-dbfd-11ed-a1e6-a44cc8756a37', 'Action', 6, 6, '2023-04-16 09:19:32', NULL),
('2d1bc745-dbfd-11ed-a1e6-a44cc8756a37', 'Described by', 7, 7, '2023-04-16 09:19:32', NULL),
('2d1bc783-dbfd-11ed-a1e6-a44cc8756a37', 'Describing', 8, 8, '2023-04-16 09:19:32', NULL),
('2d1bc88c-dbfd-11ed-a1e6-a44cc8756a37', 'Other phrase', 9, 9, '2023-04-16 09:19:32', NULL);

-- 
-- Dumping data for table dictionary
--
INSERT INTO dictionary VALUES
('0be11c6f-fb13-11ed-9dc8-a44cc8756a37', '8c38ae6f-223c-493a-b7a3-6a4122986848', 'Dictionary 1', '2023-06-29 20:00:50', '2023-05-25 22:44:25', '2023-05-25 22:44:25'),
('3815b6c3-09b8-4e74-85a7-ab7b0d0359fc', 'd2a85e00-4fc4-4cc9-845d-4ad90da292d5', 'Từ điển nhận dữ liệu transfer', '2023-06-25 22:33:27', '2023-06-25 19:02:06', NULL),
('4493ee19-25f6-41b5-b158-3356e5b81fb0', 'd2a85e00-4fc4-4cc9-845d-4ad90da292d5', 'Từ điển clone 3', '2023-06-25 19:01:09', '2023-06-25 19:01:40', '2023-06-25 22:01:19'),
('5edaffbb-d8eb-4d12-a637-406f8c8b060f', 'd2a85e00-4fc4-4cc9-845d-4ad90da292d5', 'Anime dictionary tên rất là dài dài vô cùng luôn dài rất dài dài lắm luôn dài vô cực luôn rất rất dài Anime dictionary tên rất là dài dài vô cùng luôn dài rất dài dài lắm luôn dài vô cực luôn rất rất dài', '2023-06-28 23:04:05', '2023-06-25 23:07:20', '2023-06-27 21:41:58'),
('753b1529-e9ae-11ed-9acb-a44cc8756a37', 'd2a85e00-4fc4-4cc9-845d-4ad90da292d5', 'PVO', '2023-07-06 18:23:22', '2023-05-03 19:31:24', NULL),
('efd676fc-19b2-11ee-a155-a44cc8756a37', 'e371671b-430d-45b9-a50e-b218a16bb8bc', 'My PVO', '2023-07-03 22:05:37', '2023-07-03 22:03:07', NULL);

-- 
-- Dumping data for table sys_concept_link
--
INSERT INTO sys_concept_link VALUES
('a84e6654-dbfc-11ed-a1e6-a44cc8756a37', 'Association', 2, 2, '2023-04-16 09:15:50', NULL),
('a84e6885-dbfc-11ed-a1e6-a44cc8756a37', 'Type of', 3, 3, '2023-04-16 09:15:50', NULL);

-- 
-- Dumping data for table sys_tone
--
INSERT INTO sys_tone VALUES
('53f4ef4e-dbfd-11ed-a1e6-a44cc8756a37', 'Neutral', 1, 1, '2023-04-16 09:20:38', NULL),
('53f4f6a1-dbfd-11ed-a1e6-a44cc8756a37', 'Informal', 2, 2, '2023-04-16 09:20:38', NULL),
('53f4f751-dbfd-11ed-a1e6-a44cc8756a37', 'Formal', 3, 3, '2023-04-16 09:20:38', NULL),
('53f4f77f-dbfd-11ed-a1e6-a44cc8756a37', 'Slightly informal', 4, 4, '2023-04-16 09:20:38', NULL),
('53f4f7b3-dbfd-11ed-a1e6-a44cc8756a37', 'Slightly formal', 5, 5, '2023-04-16 09:20:38', NULL);

-- 
-- Dumping data for table sys_register
--
INSERT INTO sys_register VALUES
('aafb738e-dbfd-11ed-a1e6-a44cc8756a37', 'Neutral', '1', 1, '2023-04-16 09:23:04', NULL),
('aafb845c-dbfd-11ed-a1e6-a44cc8756a37', 'Academic', '2', 2, '2023-04-16 09:23:04', NULL),
('aafb862d-dbfd-11ed-a1e6-a44cc8756a37', 'Literature', '3', 3, '2023-04-16 09:23:04', NULL),
('aafb86cd-dbfd-11ed-a1e6-a44cc8756a37', 'Business', '4', 4, '2023-04-16 09:23:04', NULL),
('aafb8745-dbfd-11ed-a1e6-a44cc8756a37', 'Law', '5', 5, '2023-04-16 09:23:04', NULL),
('aafb87b8-dbfd-11ed-a1e6-a44cc8756a37', 'Journalism', '6', 6, '2023-04-16 09:23:04', NULL),
('aafb8832-dbfd-11ed-a1e6-a44cc8756a37', 'Medicine', '7', 7, '2023-04-16 09:23:04', NULL),
('aafb88dd-dbfd-11ed-a1e6-a44cc8756a37', 'IT', '8', 8, '2023-04-16 09:23:04', NULL),
('aafb896f-dbfd-11ed-a1e6-a44cc8756a37', 'Other', '9', 9, '2023-04-16 09:23:04', NULL);

-- 
-- Dumping data for table sys_nuance
--
INSERT INTO sys_nuance VALUES
('c59eaacb-dbfd-11ed-a1e6-a44cc8756a37', 'Neutral', 1, 1, '2023-04-16 09:23:48', NULL),
('c59eb46d-dbfd-11ed-a1e6-a44cc8756a37', 'Old fashioned', 2, 2, '2023-04-16 09:23:48', NULL),
('c59eb542-dbfd-11ed-a1e6-a44cc8756a37', 'Humorous', 3, 3, '2023-04-16 09:23:48', NULL),
('c59eb58d-dbfd-11ed-a1e6-a44cc8756a37', 'Oft positive', 4, 4, '2023-04-16 09:23:48', NULL),
('c59eb5be-dbfd-11ed-a1e6-a44cc8756a37', 'Oft negative', 5, 5, '2023-04-16 09:23:48', NULL);

-- 
-- Dumping data for table sys_mode
--
INSERT INTO sys_mode VALUES
('6799339c-dbfd-11ed-a1e6-a44cc8756a37', 'Neutral', 1, 1, '2023-04-16 09:21:11', NULL),
('67993cef-dbfd-11ed-a1e6-a44cc8756a37', 'Spoken', 2, 2, '2023-04-16 09:21:11', NULL),
('67993dd2-dbfd-11ed-a1e6-a44cc8756a37', 'Written', 3, 3, '2023-04-16 09:21:11', NULL);

-- 
-- Dumping data for table example_link
--
INSERT INTO example_link VALUES
('753d5d84-e9ae-11ed-9acb-a44cc8756a37', '2d1bc576-dbfd-11ed-a1e6-a44cc8756a37', 'd2a85e00-4fc4-4cc9-845d-4ad90da292d5', 'Idiom', 2, 2, '2023-05-03 19:31:24', NULL),
('753d5f4f-e9ae-11ed-9acb-a44cc8756a37', '2d1bc640-dbfd-11ed-a1e6-a44cc8756a37', 'd2a85e00-4fc4-4cc9-845d-4ad90da292d5', 'Nominal', 3, 3, '2023-05-03 19:31:24', NULL),
('753d6039-e9ae-11ed-9acb-a44cc8756a37', '2d1bc69a-dbfd-11ed-a1e6-a44cc8756a37', 'd2a85e00-4fc4-4cc9-845d-4ad90da292d5', 'Agent', 4, 4, '2023-05-03 19:31:24', NULL),
('753d6104-e9ae-11ed-9acb-a44cc8756a37', '2d1bc6d7-dbfd-11ed-a1e6-a44cc8756a37', 'd2a85e00-4fc4-4cc9-845d-4ad90da292d5', 'Patient', 5, 5, '2023-05-03 19:31:24', NULL),
('753d7391-e9ae-11ed-9acb-a44cc8756a37', '2d1bc70f-dbfd-11ed-a1e6-a44cc8756a37', 'd2a85e00-4fc4-4cc9-845d-4ad90da292d5', 'Action', 6, 6, '2023-05-03 19:31:24', NULL),
('753e1691-e9ae-11ed-9acb-a44cc8756a37', '2d1bc745-dbfd-11ed-a1e6-a44cc8756a37', 'd2a85e00-4fc4-4cc9-845d-4ad90da292d5', 'Described by', 7, 7, '2023-05-03 19:31:24', NULL),
('753e1841-e9ae-11ed-9acb-a44cc8756a37', '2d1bc783-dbfd-11ed-a1e6-a44cc8756a37', 'd2a85e00-4fc4-4cc9-845d-4ad90da292d5', 'Describing', 8, 8, '2023-05-03 19:31:24', NULL),
('753e1a83-e9ae-11ed-9acb-a44cc8756a37', '2d1bc88c-dbfd-11ed-a1e6-a44cc8756a37', 'd2a85e00-4fc4-4cc9-845d-4ad90da292d5', 'Other phrase', 9, 9, '2023-05-03 19:31:24', NULL),
('e3335b2b-fa46-11ed-9dc8-a44cc8756a37', '2d1bc576-dbfd-11ed-a1e6-a44cc8756a37', '8c38ae6f-223c-493a-b7a3-6a4122986848', 'Idiom', 2, 2, '2023-05-24 22:23:03', NULL),
('e3335c5f-fa46-11ed-9dc8-a44cc8756a37', '2d1bc640-dbfd-11ed-a1e6-a44cc8756a37', '8c38ae6f-223c-493a-b7a3-6a4122986848', 'Nominal', 3, 3, '2023-05-24 22:23:03', NULL),
('e3335ea1-fa46-11ed-9dc8-a44cc8756a37', '2d1bc69a-dbfd-11ed-a1e6-a44cc8756a37', '8c38ae6f-223c-493a-b7a3-6a4122986848', 'Agent', 4, 4, '2023-05-24 22:23:03', NULL),
('e3335f72-fa46-11ed-9dc8-a44cc8756a37', '2d1bc6d7-dbfd-11ed-a1e6-a44cc8756a37', '8c38ae6f-223c-493a-b7a3-6a4122986848', 'Patient', 5, 5, '2023-05-24 22:23:03', NULL),
('e333607c-fa46-11ed-9dc8-a44cc8756a37', '2d1bc70f-dbfd-11ed-a1e6-a44cc8756a37', '8c38ae6f-223c-493a-b7a3-6a4122986848', 'Action', 6, 6, '2023-05-24 22:23:03', NULL),
('e3336163-fa46-11ed-9dc8-a44cc8756a37', '2d1bc745-dbfd-11ed-a1e6-a44cc8756a37', '8c38ae6f-223c-493a-b7a3-6a4122986848', 'Described by', 7, 7, '2023-05-24 22:23:03', NULL),
('e3336742-fa46-11ed-9dc8-a44cc8756a37', '2d1bc783-dbfd-11ed-a1e6-a44cc8756a37', '8c38ae6f-223c-493a-b7a3-6a4122986848', 'Describing', 8, 8, '2023-05-24 22:23:03', NULL),
('e3336a43-fa46-11ed-9dc8-a44cc8756a37', '2d1bc88c-dbfd-11ed-a1e6-a44cc8756a37', '8c38ae6f-223c-493a-b7a3-6a4122986848', 'Other phrase', 9, 9, '2023-05-24 22:23:03', NULL),
('efd775dd-19b2-11ee-a155-a44cc8756a37', '2d1bc576-dbfd-11ed-a1e6-a44cc8756a37', 'e371671b-430d-45b9-a50e-b218a16bb8bc', 'Idiom', 2, 2, '2023-07-03 22:03:07', NULL),
('efd7c2af-19b2-11ee-a155-a44cc8756a37', '2d1bc640-dbfd-11ed-a1e6-a44cc8756a37', 'e371671b-430d-45b9-a50e-b218a16bb8bc', 'Nominal', 3, 3, '2023-07-03 22:03:07', NULL),
('efd7cdb0-19b2-11ee-a155-a44cc8756a37', '2d1bc69a-dbfd-11ed-a1e6-a44cc8756a37', 'e371671b-430d-45b9-a50e-b218a16bb8bc', 'Agent', 4, 4, '2023-07-03 22:03:07', NULL),
('efd7d9d8-19b2-11ee-a155-a44cc8756a37', '2d1bc6d7-dbfd-11ed-a1e6-a44cc8756a37', 'e371671b-430d-45b9-a50e-b218a16bb8bc', 'Patient', 5, 5, '2023-07-03 22:03:07', NULL),
('efd7dba7-19b2-11ee-a155-a44cc8756a37', '2d1bc70f-dbfd-11ed-a1e6-a44cc8756a37', 'e371671b-430d-45b9-a50e-b218a16bb8bc', 'Action', 6, 6, '2023-07-03 22:03:07', NULL),
('efd7dc94-19b2-11ee-a155-a44cc8756a37', '2d1bc745-dbfd-11ed-a1e6-a44cc8756a37', 'e371671b-430d-45b9-a50e-b218a16bb8bc', 'Described by', 7, 7, '2023-07-03 22:03:07', NULL),
('efd7dd69-19b2-11ee-a155-a44cc8756a37', '2d1bc783-dbfd-11ed-a1e6-a44cc8756a37', 'e371671b-430d-45b9-a50e-b218a16bb8bc', 'Describing', 8, 8, '2023-07-03 22:03:07', NULL),
('efd7de47-19b2-11ee-a155-a44cc8756a37', '2d1bc88c-dbfd-11ed-a1e6-a44cc8756a37', 'e371671b-430d-45b9-a50e-b218a16bb8bc', 'Other phrase', 9, 9, '2023-07-03 22:03:07', NULL);

-- 
-- Dumping data for table example
--
INSERT INTO example VALUES
('015bc834-de80-478c-b15a-f560cea5bd33', '753b1529-e9ae-11ed-9acb-a44cc8756a37', 'how do you do', '<mark>how do you do</mark>', '', '753eb3b2-e9ae-11ed-9acb-a44cc8756a37', '753fc35f-e9ae-11ed-9acb-a44cc8756a37', '75414610-e9ae-11ed-9acb-a44cc8756a37', '753f4378-e9ae-11ed-9acb-a44cc8756a37', '7540ab3e-e9ae-11ed-9acb-a44cc8756a37', '2023-07-01 21:59:28', '2023-07-06 09:35:18'),
('2bc2e91c-9b18-40a0-952f-72e8328e9692', '753b1529-e9ae-11ed-9acb-a44cc8756a37', 'i feels blue', 'i feels <mark>blue</mark>', '', '753eb17f-e9ae-11ed-9acb-a44cc8756a37', '7540317b-e9ae-11ed-9acb-a44cc8756a37', '7541adb4-e9ae-11ed-9acb-a44cc8756a37', '753f4378-e9ae-11ed-9acb-a44cc8756a37', '7540ab3e-e9ae-11ed-9acb-a44cc8756a37', '2023-07-01 22:29:05', '2023-07-04 01:21:19'),
('3833cce4-c240-448c-80b4-9f0fdff5503d', '753b1529-e9ae-11ed-9acb-a44cc8756a37', 'abcddd', '<mark>abcddd</mark>', '', '753eb3b2-e9ae-11ed-9acb-a44cc8756a37', '754033fd-e9ae-11ed-9acb-a44cc8756a37', '7541af82-e9ae-11ed-9acb-a44cc8756a37', '753f4378-e9ae-11ed-9acb-a44cc8756a37', '7540ce95-e9ae-11ed-9acb-a44cc8756a37', '2023-07-02 09:49:03', '2023-07-06 17:44:16'),
('38a628b2-0e87-4e9c-9af4-fa1e00ec2b49', '753b1529-e9ae-11ed-9acb-a44cc8756a37', 'abc', '<mark>abc</mark>', '', '753e8bb2-e9ae-11ed-9acb-a44cc8756a37', '753fc35f-e9ae-11ed-9acb-a44cc8756a37', '75414610-e9ae-11ed-9acb-a44cc8756a37', '753f1f2c-e9ae-11ed-9acb-a44cc8756a37', '7540ab3e-e9ae-11ed-9acb-a44cc8756a37', '2023-07-02 09:48:53', NULL),
('4606eccd-e4b8-45c9-af5e-3f5ec29ffd54', '753b1529-e9ae-11ed-9acb-a44cc8756a37', 'abc', 'a<mark>bc</mark>', '', '753e8bb2-e9ae-11ed-9acb-a44cc8756a37', '753fc35f-e9ae-11ed-9acb-a44cc8756a37', '75414610-e9ae-11ed-9acb-a44cc8756a37', '753f1f2c-e9ae-11ed-9acb-a44cc8756a37', '7540ab3e-e9ae-11ed-9acb-a44cc8756a37', '2023-07-02 09:45:55', NULL),
('55a6246c-09ef-44dc-8320-cd9ed9f871a6', '753b1529-e9ae-11ed-9acb-a44cc8756a37', 'abc', 'a<mark>b</mark>c', '', '753e8bb2-e9ae-11ed-9acb-a44cc8756a37', '753fc35f-e9ae-11ed-9acb-a44cc8756a37', '75414610-e9ae-11ed-9acb-a44cc8756a37', '753f1f2c-e9ae-11ed-9acb-a44cc8756a37', '7540ab3e-e9ae-11ed-9acb-a44cc8756a37', '2023-07-02 12:32:29', NULL),
('5932b989-01b7-11ee-aac4-a44cc8756a37', '0be11c6f-fb13-11ed-9dc8-a44cc8756a37', 'This is a red pen', 'This is a <h>red pen</h>', 'Đây là một cái bút màu đỏ', 'e3342712-fa46-11ed-9dc8-a44cc8756a37', 'e335ef77-fa46-11ed-9dc8-a44cc8756a37', 'e337b202-fa46-11ed-9dc8-a44cc8756a37', 'e335523e-fa46-11ed-9dc8-a44cc8756a37', 'e33714e3-fa46-11ed-9dc8-a44cc8756a37', '2023-06-03 09:35:44', '2023-06-03 09:35:44'),
('8baea638-4330-4856-9f0a-3f90f5b5e383', '753b1529-e9ae-11ed-9acb-a44cc8756a37', 'what''s up', 'what''s up', '', '753eb17f-e9ae-11ed-9acb-a44cc8756a37', '753fc35f-e9ae-11ed-9acb-a44cc8756a37', '75414610-e9ae-11ed-9acb-a44cc8756a37', '753f4378-e9ae-11ed-9acb-a44cc8756a37', '7540ab3e-e9ae-11ed-9acb-a44cc8756a37', '2023-07-01 22:00:46', NULL),
('8c5b3fd8-8b49-4df0-a85a-4148fd07f9b0', '753b1529-e9ae-11ed-9acb-a44cc8756a37', 'abc', 'ab<mark>c</mark>', '', '753e8bb2-e9ae-11ed-9acb-a44cc8756a37', '753fc35f-e9ae-11ed-9acb-a44cc8756a37', '75414610-e9ae-11ed-9acb-a44cc8756a37', '753f1f2c-e9ae-11ed-9acb-a44cc8756a37', '7540ab3e-e9ae-11ed-9acb-a44cc8756a37', '2023-07-02 12:08:11', NULL),
('987f921a-bc26-4f74-b154-30f13774334f', '753b1529-e9ae-11ed-9acb-a44cc8756a37', 'he is a fallen hero', 'he is a <mark>fallen hero</mark>', '', '753eb3b2-e9ae-11ed-9acb-a44cc8756a37', '753fc35f-e9ae-11ed-9acb-a44cc8756a37', '75414610-e9ae-11ed-9acb-a44cc8756a37', '753f1f2c-e9ae-11ed-9acb-a44cc8756a37', '7540ab3e-e9ae-11ed-9acb-a44cc8756a37', '2023-07-01 21:41:21', '2023-07-04 01:16:27'),
('b0b58883-2204-4d47-bd42-896c79f500cf', '753b1529-e9ae-11ed-9acb-a44cc8756a37', 'this is a green pen', 'this is a <mark>green pen</mark>', '', '753eb3b2-e9ae-11ed-9acb-a44cc8756a37', '753fc35f-e9ae-11ed-9acb-a44cc8756a37', '75414610-e9ae-11ed-9acb-a44cc8756a37', '753f1f2c-e9ae-11ed-9acb-a44cc8756a37', '7540ab3e-e9ae-11ed-9acb-a44cc8756a37', '2023-07-01 21:58:05', '2023-07-06 14:06:25'),
('b2c3bf21-63b6-433d-b3c2-49b9e1ab9b90', '753b1529-e9ae-11ed-9acb-a44cc8756a37', 'test 13433', 'test<mark> 13433</mark>', 'test 13433', '753eb17f-e9ae-11ed-9acb-a44cc8756a37', '754033fd-e9ae-11ed-9acb-a44cc8756a37', '7541af82-e9ae-11ed-9acb-a44cc8756a37', '753f4665-e9ae-11ed-9acb-a44cc8756a37', '7540ce95-e9ae-11ed-9acb-a44cc8756a37', '2023-07-02 10:05:33', NULL),
('d0545048-5169-41a7-9f2d-f3cdc7d32dc4', '753b1529-e9ae-11ed-9acb-a44cc8756a37', 'abf test 12345', 'abf te<mark>st 1</mark>2345 ', 'test ', '753eb3b2-e9ae-11ed-9acb-a44cc8756a37', '753fc35f-e9ae-11ed-9acb-a44cc8756a37', '7541af82-e9ae-11ed-9acb-a44cc8756a37', '753f1f2c-e9ae-11ed-9acb-a44cc8756a37', '7540ce95-e9ae-11ed-9acb-a44cc8756a37', '2023-07-02 10:04:02', NULL),
('d309228b-bb94-4f9e-9b2a-42181ef22317', '753b1529-e9ae-11ed-9acb-a44cc8756a37', 'he is a superman and hero', 'he is a <mark>superman </mark>and hero', '', '753e8bb2-e9ae-11ed-9acb-a44cc8756a37', '753fc35f-e9ae-11ed-9acb-a44cc8756a37', '75414610-e9ae-11ed-9acb-a44cc8756a37', '753f1f2c-e9ae-11ed-9acb-a44cc8756a37', '7540ab3e-e9ae-11ed-9acb-a44cc8756a37', '2023-07-02 14:08:26', NULL),
('e1bf71b4-62cc-43bf-bec7-fd8a92c055b4', '753b1529-e9ae-11ed-9acb-a44cc8756a37', 'abc', 'ab<mark>c                                    </mark>', '', '753e8bb2-e9ae-11ed-9acb-a44cc8756a37', '753fc35f-e9ae-11ed-9acb-a44cc8756a37', '75414610-e9ae-11ed-9acb-a44cc8756a37', '753f1f2c-e9ae-11ed-9acb-a44cc8756a37', '7540ab3e-e9ae-11ed-9acb-a44cc8756a37', '2023-07-02 12:32:06', NULL),
('ebc7794f-cdfa-43be-8fbc-9588cec84e16', '753b1529-e9ae-11ed-9acb-a44cc8756a37', 'asde', '<mark>asde</mark>', '', '753e8bb2-e9ae-11ed-9acb-a44cc8756a37', '753fc35f-e9ae-11ed-9acb-a44cc8756a37', '75414610-e9ae-11ed-9acb-a44cc8756a37', '753f1f2c-e9ae-11ed-9acb-a44cc8756a37', '7540ab3e-e9ae-11ed-9acb-a44cc8756a37', '2023-07-02 09:57:51', NULL),
('ebe0f47c-d165-4155-b032-3e05ae71798e', '753b1529-e9ae-11ed-9acb-a44cc8756a37', 'this is a long example with multiple highlight part, and I will list the name of some characters in one piece: luffy, zoro, nami, usopp... and I will tell you about some animes or mangas i have read: one piece, naruto, one punch man... The last movie I have seen is Haikyuu', 'this is a long example with <mark>multiple highlight part, and I will list the name of some characters in one piece: luffy, zoro, nami, usopp</mark>... and I will tell you about some animes or mangas i have read: one piece, <mark>naruto, one punch man</mark>... The last movie I have seen is <mark>Haikyuu</mark>', '', '753e8bb2-e9ae-11ed-9acb-a44cc8756a37', '753fc35f-e9ae-11ed-9acb-a44cc8756a37', '75414610-e9ae-11ed-9acb-a44cc8756a37', '753f1f2c-e9ae-11ed-9acb-a44cc8756a37', '7540ab3e-e9ae-11ed-9acb-a44cc8756a37', '2023-07-02 19:43:22', '2023-07-06 09:31:43'),
('ecafa8e8-fe9e-4074-ac8f-c2798b101754', '753b1529-e9ae-11ed-9acb-a44cc8756a37', 'this is a red pen', 'this is a red pen', '', '753eb17f-e9ae-11ed-9acb-a44cc8756a37', '753fc35f-e9ae-11ed-9acb-a44cc8756a37', '7541af82-e9ae-11ed-9acb-a44cc8756a37', '753f4665-e9ae-11ed-9acb-a44cc8756a37', '7540cbf3-e9ae-11ed-9acb-a44cc8756a37', '2023-07-01 21:56:53', NULL),
('ff5174f7-b2ba-44a8-a442-f6e75eb85f8e', '753b1529-e9ae-11ed-9acb-a44cc8756a37', 'test thử force update', '<mark>test thử force</mark> update', '', '753e8bb2-e9ae-11ed-9acb-a44cc8756a37', '753fc35f-e9ae-11ed-9acb-a44cc8756a37', '75414610-e9ae-11ed-9acb-a44cc8756a37', '753f1f2c-e9ae-11ed-9acb-a44cc8756a37', '7540ab3e-e9ae-11ed-9acb-a44cc8756a37', '2023-07-02 10:21:02', '2023-07-06 13:45:15');

-- 
-- Dumping data for table sys_dialect
--
INSERT INTO sys_dialect VALUES
('d9016880-dbfd-11ed-a1e6-a44cc8756a37', 'Neutral', 1, 1, '2023-04-16 09:24:21', NULL),
('d901737b-dbfd-11ed-a1e6-a44cc8756a37', 'American', 2, 2, '2023-04-16 09:24:21', NULL),
('d9017459-dbfd-11ed-a1e6-a44cc8756a37', 'British', 3, 3, '2023-04-16 09:24:21', NULL),
('d90174af-dbfd-11ed-a1e6-a44cc8756a37', 'Other', 4, 4, '2023-04-16 09:24:21', NULL);

-- 
-- Dumping data for table concept_link
--
INSERT INTO concept_link VALUES
('753bd9e4-e9ae-11ed-9acb-a44cc8756a37', 'a84e6654-dbfc-11ed-a1e6-a44cc8756a37', 'd2a85e00-4fc4-4cc9-845d-4ad90da292d5', 'Association', 2, 2, '2023-05-03 19:31:24', NULL),
('753bdda8-e9ae-11ed-9acb-a44cc8756a37', 'a84e6885-dbfc-11ed-a1e6-a44cc8756a37', 'd2a85e00-4fc4-4cc9-845d-4ad90da292d5', 'Type of', 3, 3, '2023-05-03 19:31:24', NULL),
('e332e615-fa46-11ed-9dc8-a44cc8756a37', 'a84e6654-dbfc-11ed-a1e6-a44cc8756a37', '8c38ae6f-223c-493a-b7a3-6a4122986848', 'Association', 2, 2, '2023-05-24 22:23:03', NULL),
('e332e708-fa46-11ed-9dc8-a44cc8756a37', 'a84e6885-dbfc-11ed-a1e6-a44cc8756a37', '8c38ae6f-223c-493a-b7a3-6a4122986848', 'Type of', 3, 3, '2023-05-24 22:23:03', NULL),
('efd68f19-19b2-11ee-a155-a44cc8756a37', 'a84e6654-dbfc-11ed-a1e6-a44cc8756a37', 'e371671b-430d-45b9-a50e-b218a16bb8bc', 'Association', 2, 2, '2023-07-03 22:03:07', NULL),
('efd6c29c-19b2-11ee-a155-a44cc8756a37', 'a84e6885-dbfc-11ed-a1e6-a44cc8756a37', 'e371671b-430d-45b9-a50e-b218a16bb8bc', 'Type of', 3, 3, '2023-07-03 22:03:07', NULL);

-- 
-- Dumping data for table concept
--
INSERT INTO concept VALUES
('00ed170a-7cb4-425b-b4f2-9b34f9e924be', '3815b6c3-09b8-4e74-85a7-ab7b0d0359fc', 'religion', NULL, 'religion', 'R425', '2023-06-28 22:28:05', NULL),
('03dcd675-887b-4cd5-ba67-f8395a66dffc', '753b1529-e9ae-11ed-9acb-a44cc8756a37', 'padding', '', 'padding', 'P352', '2023-07-05 22:51:59', NULL),
('0405d017-f7b6-441d-bd7d-1e676b773af6', '753b1529-e9ae-11ed-9acb-a44cc8756a37', 'hat', '', 'hat', 'H300', '2023-07-05 23:13:37', NULL),
('089acb58-1bbb-4f98-9340-1c1ca52c6111', '753b1529-e9ae-11ed-9acb-a44cc8756a37', 'filter', '', 'filter', 'F436', '2023-07-05 22:58:52', NULL),
('0a17e1b7-f955-4f13-a2e4-8744529cc494', '5edaffbb-d8eb-4d12-a637-406f8c8b060f', 'fur', NULL, 'fur', 'F600', '2023-06-27 23:21:04', NULL),
('0f00608e-5192-4854-b0c5-55fb6456db55', '753b1529-e9ae-11ed-9acb-a44cc8756a37', 'reason', '', 'reason', 'R250', '2023-06-29 10:36:51', NULL),
('13be4714-0ee0-414d-899b-23a7868be62f', '753b1529-e9ae-11ed-9acb-a44cc8756a37', 'blue', 'buồn', 'blue', 'B400', '2023-06-29 23:00:46', NULL),
('15922d3b-85f9-430a-9d25-666ae50dee38', '753b1529-e9ae-11ed-9acb-a44cc8756a37', 'free', '', 'free', 'F600', '2023-06-29 10:46:52', NULL),
('1789bb1e-565f-4875-a813-6649ab50340d', '753b1529-e9ae-11ed-9acb-a44cc8756a37', 'can', '', 'can', 'C500', '2023-07-05 23:13:24', NULL),
('1f91817a-d408-4303-98d8-e064f3652243', '3815b6c3-09b8-4e74-85a7-ab7b0d0359fc', 'shave', NULL, 'shave', 'S100', '2023-06-28 22:28:05', NULL),
('21c63794-ae40-4b9d-96ec-12b3bae20b9a', '753b1529-e9ae-11ed-9acb-a44cc8756a37', 'cat', '', 'cat', 'C300', '2023-07-05 22:56:23', NULL),
('2435191a-bd5f-402a-b77d-2fed8be43527', '753b1529-e9ae-11ed-9acb-a44cc8756a37', 'sad', 'buồn', 'sad', 'S300', '2023-07-05 22:50:36', NULL),
('2a644078-149b-44fa-8591-2029a8cbe584', '753b1529-e9ae-11ed-9acb-a44cc8756a37', 'good', '', 'good', 'G300', '2023-06-29 10:52:37', NULL),
('2c120a6d-66ce-4c45-8e47-a49f15300f51', '753b1529-e9ae-11ed-9acb-a44cc8756a37', 'girl', '', 'girl', 'G640', '2023-07-02 10:24:27', NULL),
('319701cd-ad86-4aca-af7f-fe32052daea2', '753b1529-e9ae-11ed-9acb-a44cc8756a37', 'head', '', 'head', 'H300', '2023-07-05 23:13:43', NULL),
('32790502-1350-11ee-a155-a44cc8756a37', '4493ee19-25f6-41b5-b158-3356e5b81fb0', 'monk', NULL, 'monk', 'M200', '2023-06-25 19:01:40', NULL),
('32790aa6-1350-11ee-a155-a44cc8756a37', '4493ee19-25f6-41b5-b158-3356e5b81fb0', 'religion', NULL, 'religion', 'R425', '2023-06-25 19:01:40', NULL),
('32790b35-1350-11ee-a155-a44cc8756a37', '4493ee19-25f6-41b5-b158-3356e5b81fb0', 'hair', NULL, 'hair', 'H600', '2023-06-25 19:01:40', NULL),
('32790b84-1350-11ee-a155-a44cc8756a37', '4493ee19-25f6-41b5-b158-3356e5b81fb0', 'shave', NULL, 'shave', 'S100', '2023-06-25 19:01:40', NULL),
('32790bcd-1350-11ee-a155-a44cc8756a37', '4493ee19-25f6-41b5-b158-3356e5b81fb0', 'priest', NULL, 'priest', 'P623', '2023-06-25 19:01:40', NULL),
('32790c13-1350-11ee-a155-a44cc8756a37', '4493ee19-25f6-41b5-b158-3356e5b81fb0', 'pagoda', NULL, 'pagoda', 'P230', '2023-06-25 19:01:40', NULL),
('32790c57-1350-11ee-a155-a44cc8756a37', '4493ee19-25f6-41b5-b158-3356e5b81fb0', 'Buddhism', NULL, 'buddhism', 'B325', '2023-06-25 19:01:40', NULL),
('32790ca0-1350-11ee-a155-a44cc8756a37', '4493ee19-25f6-41b5-b158-3356e5b81fb0', 'Christian', NULL, 'christian', 'C6235', '2023-06-25 19:01:40', NULL),
('32790ced-1350-11ee-a155-a44cc8756a37', '4493ee19-25f6-41b5-b158-3356e5b81fb0', 'secular', NULL, 'secular', 'S460', '2023-06-25 19:01:40', NULL),
('32790d33-1350-11ee-a155-a44cc8756a37', '4493ee19-25f6-41b5-b158-3356e5b81fb0', 'cut', NULL, 'cut', 'C300', '2023-06-25 19:01:40', NULL),
('32790d7c-1350-11ee-a155-a44cc8756a37', '4493ee19-25f6-41b5-b158-3356e5b81fb0', 'barber', NULL, 'barber', 'B616', '2023-06-25 19:01:40', NULL),
('32790dc2-1350-11ee-a155-a44cc8756a37', '4493ee19-25f6-41b5-b158-3356e5b81fb0', 'fur', NULL, 'fur', 'F600', '2023-06-25 19:01:40', NULL),
('32790e0e-1350-11ee-a155-a44cc8756a37', '4493ee19-25f6-41b5-b158-3356e5b81fb0', 'tonsure', NULL, 'tonsure', 'T526', '2023-06-25 19:01:40', NULL),
('3757ca42-c059-476c-88c0-8cf39b1786f0', '5edaffbb-d8eb-4d12-a637-406f8c8b060f', 'hair', NULL, 'hair', 'H600', '2023-06-27 23:21:04', NULL),
('376e70ff-49d0-4aa7-9fa5-25deb116aa87', '753b1529-e9ae-11ed-9acb-a44cc8756a37', 'concept dài rất là dài luôn á cực dài luôn ha ha ha', '', 'concept di rt l di lun  cc di lun ha ha ha', 'C52136343452345', '2023-06-29 20:05:11', NULL),
('3f10bd46-f7ac-11ed-9dc8-a44cc8756a37', '753b1529-e9ae-11ed-9acb-a44cc8756a37', 'monk', 'a member of a group of religious men who do not marry and usually live together in a monastery', 'monk', 'M200', '2023-05-21 14:51:08', NULL),
('3f10c497-f7ac-11ed-9dc8-a44cc8756a37', '753b1529-e9ae-11ed-9acb-a44cc8756a37', 'religion', 'the belief in and worship of a god or gods, or any such system of belief and worship', 'religion', 'R425', '2023-05-21 14:51:08', NULL),
('3f10c5ca-f7ac-11ed-9dc8-a44cc8756a37', '753b1529-e9ae-11ed-9acb-a44cc8756a37', 'hair', NULL, 'hair', 'H600', '2023-05-21 14:51:08', NULL),
('3f10c64e-f7ac-11ed-9dc8-a44cc8756a37', '753b1529-e9ae-11ed-9acb-a44cc8756a37', 'shave', 'to remove hair from the body', 'shave', 'S100', '2023-05-21 14:51:08', NULL),
('3f10c6c2-f7ac-11ed-9dc8-a44cc8756a37', '753b1529-e9ae-11ed-9acb-a44cc8756a37', 'priest', 'a person, usually a man, who has been trained to perform religious duties in the Christian Church, especially the Roman Catholic Church, or a person with particular duties in some other religions', 'priest', 'P623', '2023-05-21 14:51:08', NULL),
('3f10c733-f7ac-11ed-9dc8-a44cc8756a37', '753b1529-e9ae-11ed-9acb-a44cc8756a37', 'pagoda', NULL, 'pagoda', 'P230', '2023-05-21 14:51:08', NULL),
('3f10c795-f7ac-11ed-9dc8-a44cc8756a37', '753b1529-e9ae-11ed-9acb-a44cc8756a37', 'Buddhism', NULL, 'buddhism', 'B325', '2023-05-21 14:51:08', NULL),
('3f10c7f6-f7ac-11ed-9dc8-a44cc8756a37', '753b1529-e9ae-11ed-9acb-a44cc8756a37', 'Christian', NULL, 'christian', 'C6235', '2023-05-21 14:51:08', NULL),
('3f10c8f6-f7ac-11ed-9dc8-a44cc8756a37', '753b1529-e9ae-11ed-9acb-a44cc8756a37', 'secular', 'abc', 'secular', 'S460', '2023-05-21 14:51:08', '2023-06-29 13:41:50'),
('3f10c9b8-f7ac-11ed-9dc8-a44cc8756a37', '753b1529-e9ae-11ed-9acb-a44cc8756a37', 'barber', NULL, 'barber', 'B616', '2023-05-21 14:51:08', NULL),
('3f10ca18-f7ac-11ed-9dc8-a44cc8756a37', '753b1529-e9ae-11ed-9acb-a44cc8756a37', 'fur', NULL, 'fur', 'F600', '2023-05-21 14:51:08', NULL),
('3f10ca79-f7ac-11ed-9dc8-a44cc8756a37', '753b1529-e9ae-11ed-9acb-a44cc8756a37', 'tonsure', NULL, 'tonsure', 'T526', '2023-05-21 14:51:08', NULL),
('41368620-37ce-4ab9-b9d7-09f19a13c3d3', '753b1529-e9ae-11ed-9acb-a44cc8756a37', 'children', '', 'children', 'C4365', '2023-07-05 22:59:16', NULL),
('44acd50d-404f-4d76-a005-5a6027c8908d', '3815b6c3-09b8-4e74-85a7-ab7b0d0359fc', 'monk', NULL, 'monk', 'M200', '2023-06-28 22:28:05', NULL),
('45637248-0deb-4325-82dc-be2c6719ef25', '753b1529-e9ae-11ed-9acb-a44cc8756a37', 'happy', '', 'happy', 'H100', '2023-06-29 22:59:30', NULL),
('48df245f-db09-4118-8883-e453e9213154', '3815b6c3-09b8-4e74-85a7-ab7b0d0359fc', 'barber', NULL, 'barber', 'B616', '2023-06-28 22:28:05', NULL),
('526ce260-f2af-4bc5-8c43-92e7d4678967', '753b1529-e9ae-11ed-9acb-a44cc8756a37', 'keep', '', 'keep', 'K100', '2023-07-02 16:46:26', NULL),
('53eefe99-d458-4e07-bdd5-e3aa766bc1a1', '3815b6c3-09b8-4e74-85a7-ab7b0d0359fc', 'tonsure', NULL, 'tonsure', 'T526', '2023-06-28 22:28:05', NULL),
('6044d4f6-4511-462b-93a8-4ba401b6dd65', '753b1529-e9ae-11ed-9acb-a44cc8756a37', 'two', '', 'two', 'T000', '2023-07-05 23:02:33', NULL),
('604da561-e71f-455d-826f-d6a339303044', '3815b6c3-09b8-4e74-85a7-ab7b0d0359fc', 'Buddhism', NULL, 'buddhism', 'B325', '2023-06-28 22:28:05', NULL),
('64368219-e54d-4a53-ac4a-35a2176f3a1b', '753b1529-e9ae-11ed-9acb-a44cc8756a37', 'green', '', 'green', 'G650', '2023-07-05 23:14:27', NULL),
('653f8cb8-01b6-11ee-aac4-a44cc8756a37', '0be11c6f-fb13-11ed-9dc8-a44cc8756a37', 'red', 'màu đỏ', 'red', 'R300', '2023-06-03 09:28:55', '2023-06-03 09:28:55'),
('6540418c-01b6-11ee-aac4-a44cc8756a37', '0be11c6f-fb13-11ed-9dc8-a44cc8756a37', 'color', 'màu sắc', 'color', 'C460', '2023-06-03 09:28:55', '2023-06-03 09:28:55'),
('66901bfd-c692-4b84-b29a-d6e2ec72995a', '5edaffbb-d8eb-4d12-a637-406f8c8b060f', 'tonsure', NULL, 'tonsure', 'T526', '2023-06-27 23:21:04', NULL),
('66c49bf3-a2a6-4eaf-ba5b-8b7a15f045af', '753b1529-e9ae-11ed-9acb-a44cc8756a37', 'bye', '', 'bye', 'B000', '2023-06-29 23:04:04', NULL),
('6af3f765-32d2-41f6-954f-0ce2373ed99b', '3815b6c3-09b8-4e74-85a7-ab7b0d0359fc', 'secular', NULL, 'secular', 'S460', '2023-06-28 22:28:05', NULL),
('6c16e16b-8949-4d0b-a119-89c634bda21c', '3815b6c3-09b8-4e74-85a7-ab7b0d0359fc', 'priest', NULL, 'priest', 'P623', '2023-06-28 22:28:05', NULL),
('70c61072-1620-4a35-a888-66671a0644e6', '753b1529-e9ae-11ed-9acb-a44cc8756a37', 'now', '', 'now', 'N000', '2023-07-02 10:29:34', NULL),
('71def907-b1c0-4e9b-8523-5e375a27409b', '3815b6c3-09b8-4e74-85a7-ab7b0d0359fc', 'pagoda', NULL, 'pagoda', 'P230', '2023-06-28 22:28:05', NULL),
('736a2f12-48d3-43f9-a6d7-673657fed04d', '753b1529-e9ae-11ed-9acb-a44cc8756a37', 'color', 'màu sắc', 'color', 'C460', '2023-06-29 10:05:22', '2023-06-29 13:46:07'),
('74188568-d0b5-4f4e-9e4a-5b3cb811c02b', '5edaffbb-d8eb-4d12-a637-406f8c8b060f', 'shave', NULL, 'shave', 'S100', '2023-06-27 23:21:04', NULL),
('7751d242-bb28-4279-90ee-2966e45ba218', '753b1529-e9ae-11ed-9acb-a44cc8756a37', 'boy', '', 'boy', 'B000', '2023-07-02 10:22:11', NULL),
('844d8028-818a-405b-a02e-e1987e07e004', '753b1529-e9ae-11ed-9acb-a44cc8756a37', 'various', '', 'various', 'V620', '2023-07-05 23:14:00', NULL),
('84db9830-a678-4610-87fa-a8050c976e9c', '753b1529-e9ae-11ed-9acb-a44cc8756a37', 'buy', '', 'buy', 'B000', '2023-07-05 23:12:57', NULL),
('90ce0dba-777d-4f4d-813c-7952a2372629', '753b1529-e9ae-11ed-9acb-a44cc8756a37', 'look like', '', 'look like', 'L242', '2023-07-02 10:29:52', NULL),
('93f1da64-a08a-408f-8afd-720ccbf45b63', '3815b6c3-09b8-4e74-85a7-ab7b0d0359fc', 'fur', NULL, 'fur', 'F600', '2023-06-28 22:28:05', NULL),
('99029c2c-3158-448f-87fc-e737956e9d26', '753b1529-e9ae-11ed-9acb-a44cc8756a37', 'hero', 'anh hùng', 'hero', 'H600', '2023-06-29 13:46:42', '2023-06-29 13:57:51'),
('a0e55832-ac07-4ce3-a756-96ce5a7b4c1c', '753b1529-e9ae-11ed-9acb-a44cc8756a37', 'freedom', '', 'freedom', 'F635', '2023-06-29 10:52:59', NULL),
('a24f9ecc-c965-4dba-bd1f-fcef57a7f919', '753b1529-e9ae-11ed-9acb-a44cc8756a37', 'three', '', 'three', 'T600', '2023-07-05 23:03:47', NULL),
('a67e5911-8204-463e-93b3-fe994969bfb8', '753b1529-e9ae-11ed-9acb-a44cc8756a37', 'algorithm', '', 'algorithm', 'A42635', '2023-07-05 22:52:50', NULL),
('ab03c0c8-7d02-4bf5-8818-5ef969449408', '753b1529-e9ae-11ed-9acb-a44cc8756a37', 'fallen', '', 'fallen', 'F450', '2023-07-01 21:40:53', NULL),
('ac4fb096-bfdf-4243-815d-5157bad7b1da', '753b1529-e9ae-11ed-9acb-a44cc8756a37', 'one', '', 'one', 'O500', '2023-07-05 23:02:16', NULL),
('aec835ee-c526-42cf-8e56-6e286e848c16', '5edaffbb-d8eb-4d12-a637-406f8c8b060f', 'priest', NULL, 'priest', 'P623', '2023-06-27 23:21:04', NULL),
('aefeb889-a7a5-4194-8290-e02630c85fd5', '5edaffbb-d8eb-4d12-a637-406f8c8b060f', 'barber', NULL, 'barber', 'B616', '2023-06-27 23:21:04', NULL),
('afb8496a-78e2-46a0-9c36-c3991b915c90', '5edaffbb-d8eb-4d12-a637-406f8c8b060f', 'Christian', NULL, 'christian', 'C6235', '2023-06-27 23:21:04', NULL),
('afe822c8-0337-4446-af0a-2e16e55f7afb', '5edaffbb-d8eb-4d12-a637-406f8c8b060f', 'cut', NULL, 'cut', 'C300', '2023-06-27 23:21:04', NULL),
('b03b7156-6491-4681-a589-a956f3bc9767', '5edaffbb-d8eb-4d12-a637-406f8c8b060f', 'religion', NULL, 'religion', 'R425', '2023-06-27 23:21:04', NULL),
('b3ad44da-2f80-4e94-9180-146d72b8aac0', '753b1529-e9ae-11ed-9acb-a44cc8756a37', 'hello', 'xin chào', 'hello', 'H400', '2023-06-29 10:24:06', NULL),
('b728de5a-9a25-40c0-a430-cc5b0f4d0fbc', '3815b6c3-09b8-4e74-85a7-ab7b0d0359fc', 'hair', NULL, 'hair', 'H600', '2023-06-28 22:28:05', NULL),
('b81a4cfe-d1c6-45d0-8f7f-e4a7f05e0876', '753b1529-e9ae-11ed-9acb-a44cc8756a37', 'sing', '', 'sing', 'S520', '2023-07-05 23:13:13', NULL),
('b9e34dec-7428-4ffb-b22f-00782d325026', '753b1529-e9ae-11ed-9acb-a44cc8756a37', 'bug', '', 'bug', 'B200', '2023-07-05 22:52:38', NULL),
('ba850593-d322-486c-8c11-d1ee7079ccbd', '753b1529-e9ae-11ed-9acb-a44cc8756a37', 'pen', '', 'pen', 'P500', '2023-07-05 22:51:09', NULL),
('bb91b273-b40b-42b5-a36c-782446f5abea', '753b1529-e9ae-11ed-9acb-a44cc8756a37', 'birth', '', 'birth', 'B630', '2023-07-02 10:24:42', NULL),
('bd8ea6b7-2289-4b73-b7b6-f75d59750a2b', '3815b6c3-09b8-4e74-85a7-ab7b0d0359fc', 'Christian', NULL, 'christian', 'C6235', '2023-06-28 22:28:05', NULL),
('bdb13e00-0139-4fbf-96ec-2b508d03af09', '753b1529-e9ae-11ed-9acb-a44cc8756a37', 'cause', 'nguyên do', 'cause', 'C000', '2023-06-29 10:45:18', '2023-06-29 13:18:16'),
('c32434de-ce85-4b2c-b888-864aefe2ec75', '753b1529-e9ae-11ed-9acb-a44cc8756a37', 'hi', 'xin chào', 'hi', 'H000', '2023-06-29 10:35:47', NULL),
('c601a49f-c06c-49be-a8e9-b77335b0b00a', '753b1529-e9ae-11ed-9acb-a44cc8756a37', 'purchase', '', 'purchase', 'P620', '2023-07-05 23:13:04', NULL),
('c91bc8a6-62ae-4d8a-8940-e7e158079e93', '5edaffbb-d8eb-4d12-a637-406f8c8b060f', 'pagoda', NULL, 'pagoda', 'P230', '2023-06-27 23:21:04', NULL),
('cf7597e0-518b-43d3-b150-ab8f814fc41f', '5edaffbb-d8eb-4d12-a637-406f8c8b060f', 'monk', NULL, 'monk', 'M200', '2023-06-27 23:21:04', NULL),
('d3d7a060-6b3b-4271-8834-28d430ef9d67', '753b1529-e9ae-11ed-9acb-a44cc8756a37', 'dog', '', 'dog', 'D200', '2023-07-05 22:56:28', NULL),
('dc0bc7d7-faf0-4cd8-b793-8505901f98aa', '753b1529-e9ae-11ed-9acb-a44cc8756a37', 'yellow', '', 'yellow', 'Y400', '2023-07-06 19:04:34', NULL),
('dc2e26a2-d3e2-40c2-b27f-2c48ddbe5a39', '753b1529-e9ae-11ed-9acb-a44cc8756a37', 'margin', '', 'margin', 'M625', '2023-07-05 22:52:13', NULL),
('dfc7d0b9-cbf6-4d29-ae47-c3cb9085284a', '753b1529-e9ae-11ed-9acb-a44cc8756a37', 'come', '', 'come', 'C500', '2023-06-29 10:47:36', NULL),
('e0609c62-01e4-11ee-aac4-a44cc8756a37', '0be11c6f-fb13-11ed-9dc8-a44cc8756a37', 'reaSON - WHY', 'lý do', 'reason  why', 'R250', '2023-06-03 15:01:37', '2023-06-03 15:01:37'),
('e1c835fa-7342-46da-b175-9074a6e78069', '5edaffbb-d8eb-4d12-a637-406f8c8b060f', 'Buddhism', NULL, 'buddhism', 'B325', '2023-06-27 23:21:04', NULL),
('e6f72b45-e509-41c5-9f87-97d6559524ba', '753b1529-e9ae-11ed-9acb-a44cc8756a37', 'help', '', 'help', 'H410', '2023-06-30 21:44:45', NULL),
('eb9f0bbd-747f-45c1-89e8-45accb8ad7af', '753b1529-e9ae-11ed-9acb-a44cc8756a37', 'relative', '', 'relative', 'R431', '2023-06-29 10:45:34', NULL),
('ef38154f-1d60-4e41-be1d-00c0893620a6', '753b1529-e9ae-11ed-9acb-a44cc8756a37', 'red', 'màu đỏ', 'red', 'R300', '2023-06-29 09:50:28', '2023-06-29 20:03:04'),
('f0fec550-c228-4d2a-852e-26fc51a56c64', '5edaffbb-d8eb-4d12-a637-406f8c8b060f', 'secular', NULL, 'secular', 'S460', '2023-06-27 23:21:04', NULL),
('f722e3ec-0fca-4553-ae5e-0864c21fb1dc', '3815b6c3-09b8-4e74-85a7-ab7b0d0359fc', 'cut', NULL, 'cut', 'C300', '2023-06-28 22:28:05', NULL),
('fbc7e2bb-02cf-40ed-9c72-e9cbcf19c08f', '753b1529-e9ae-11ed-9acb-a44cc8756a37', 'pink', '', 'pink', 'P520', '2023-07-05 23:07:37', NULL);

-- 
-- Dumping data for table user_setting
--
-- Table pvo_v1_2023.user_setting does not contain any data (it is empty)

-- 
-- Dumping data for table tone
--
INSERT INTO tone VALUES
('753e8bb2-e9ae-11ed-9acb-a44cc8756a37', '53f4ef4e-dbfd-11ed-a1e6-a44cc8756a37', 'd2a85e00-4fc4-4cc9-845d-4ad90da292d5', 'Neutral', 1, 1, '2023-05-03 19:31:24', NULL),
('753eb17f-e9ae-11ed-9acb-a44cc8756a37', '53f4f6a1-dbfd-11ed-a1e6-a44cc8756a37', 'd2a85e00-4fc4-4cc9-845d-4ad90da292d5', 'Informal', 2, 2, '2023-05-03 19:31:24', NULL),
('753eb3b2-e9ae-11ed-9acb-a44cc8756a37', '53f4f751-dbfd-11ed-a1e6-a44cc8756a37', 'd2a85e00-4fc4-4cc9-845d-4ad90da292d5', 'Formal', 3, 3, '2023-05-03 19:31:24', NULL),
('753eb4d1-e9ae-11ed-9acb-a44cc8756a37', '53f4f77f-dbfd-11ed-a1e6-a44cc8756a37', 'd2a85e00-4fc4-4cc9-845d-4ad90da292d5', 'Slightly informal', 4, 4, '2023-05-03 19:31:24', NULL),
('753eb5f5-e9ae-11ed-9acb-a44cc8756a37', '53f4f7b3-dbfd-11ed-a1e6-a44cc8756a37', 'd2a85e00-4fc4-4cc9-845d-4ad90da292d5', 'Slightly formal', 5, 5, '2023-05-03 19:31:24', NULL),
('e3341f6e-fa46-11ed-9dc8-a44cc8756a37', '53f4ef4e-dbfd-11ed-a1e6-a44cc8756a37', '8c38ae6f-223c-493a-b7a3-6a4122986848', 'Neutral', 1, 1, '2023-05-24 22:23:03', NULL),
('e33425b8-fa46-11ed-9dc8-a44cc8756a37', '53f4f6a1-dbfd-11ed-a1e6-a44cc8756a37', '8c38ae6f-223c-493a-b7a3-6a4122986848', 'Informal', 2, 2, '2023-05-24 22:23:03', NULL),
('e3342712-fa46-11ed-9dc8-a44cc8756a37', '53f4f751-dbfd-11ed-a1e6-a44cc8756a37', '8c38ae6f-223c-493a-b7a3-6a4122986848', 'Formal', 3, 3, '2023-05-24 22:23:03', NULL),
('e334290a-fa46-11ed-9dc8-a44cc8756a37', '53f4f77f-dbfd-11ed-a1e6-a44cc8756a37', '8c38ae6f-223c-493a-b7a3-6a4122986848', 'Slightly informal', 4, 4, '2023-05-24 22:23:03', NULL),
('e33429d5-fa46-11ed-9dc8-a44cc8756a37', '53f4f7b3-dbfd-11ed-a1e6-a44cc8756a37', '8c38ae6f-223c-493a-b7a3-6a4122986848', 'Slightly formal', 5, 5, '2023-05-24 22:23:03', NULL),
('efd8acb6-19b2-11ee-a155-a44cc8756a37', '53f4ef4e-dbfd-11ed-a1e6-a44cc8756a37', 'e371671b-430d-45b9-a50e-b218a16bb8bc', 'Neutral', 1, 1, '2023-07-03 22:03:07', NULL),
('efd8b7fe-19b2-11ee-a155-a44cc8756a37', '53f4f6a1-dbfd-11ed-a1e6-a44cc8756a37', 'e371671b-430d-45b9-a50e-b218a16bb8bc', 'Informal', 2, 2, '2023-07-03 22:03:07', NULL),
('efd8b924-19b2-11ee-a155-a44cc8756a37', '53f4f751-dbfd-11ed-a1e6-a44cc8756a37', 'e371671b-430d-45b9-a50e-b218a16bb8bc', 'Formal', 3, 3, '2023-07-03 22:03:07', NULL),
('efd8bb8e-19b2-11ee-a155-a44cc8756a37', '53f4f77f-dbfd-11ed-a1e6-a44cc8756a37', 'e371671b-430d-45b9-a50e-b218a16bb8bc', 'Slightly informal', 4, 4, '2023-07-03 22:03:07', NULL),
('efd8bcac-19b2-11ee-a155-a44cc8756a37', '53f4f7b3-dbfd-11ed-a1e6-a44cc8756a37', 'e371671b-430d-45b9-a50e-b218a16bb8bc', 'Slightly formal', 5, 5, '2023-07-03 22:03:07', NULL);

-- 
-- Dumping data for table register
--
INSERT INTO register VALUES
('753fc35f-e9ae-11ed-9acb-a44cc8756a37', 'aafb738e-dbfd-11ed-a1e6-a44cc8756a37', 'd2a85e00-4fc4-4cc9-845d-4ad90da292d5', 'Neutral', 1, 1, '2023-05-03 19:31:24', NULL),
('75402ece-e9ae-11ed-9acb-a44cc8756a37', 'aafb845c-dbfd-11ed-a1e6-a44cc8756a37', 'd2a85e00-4fc4-4cc9-845d-4ad90da292d5', 'Academic', 2, 2, '2023-05-03 19:31:24', NULL),
('7540317b-e9ae-11ed-9acb-a44cc8756a37', 'aafb862d-dbfd-11ed-a1e6-a44cc8756a37', 'd2a85e00-4fc4-4cc9-845d-4ad90da292d5', 'Literature', 3, 3, '2023-05-03 19:31:24', NULL),
('75403268-e9ae-11ed-9acb-a44cc8756a37', 'aafb86cd-dbfd-11ed-a1e6-a44cc8756a37', 'd2a85e00-4fc4-4cc9-845d-4ad90da292d5', 'Business', 4, 4, '2023-05-03 19:31:24', NULL),
('75403333-e9ae-11ed-9acb-a44cc8756a37', 'aafb8745-dbfd-11ed-a1e6-a44cc8756a37', 'd2a85e00-4fc4-4cc9-845d-4ad90da292d5', 'Law', 5, 5, '2023-05-03 19:31:24', NULL),
('754033fd-e9ae-11ed-9acb-a44cc8756a37', 'aafb87b8-dbfd-11ed-a1e6-a44cc8756a37', 'd2a85e00-4fc4-4cc9-845d-4ad90da292d5', 'Journalism', 6, 6, '2023-05-03 19:31:24', NULL),
('754034b8-e9ae-11ed-9acb-a44cc8756a37', 'aafb8832-dbfd-11ed-a1e6-a44cc8756a37', 'd2a85e00-4fc4-4cc9-845d-4ad90da292d5', 'Medicine', 7, 7, '2023-05-03 19:31:24', NULL),
('75403567-e9ae-11ed-9acb-a44cc8756a37', 'aafb88dd-dbfd-11ed-a1e6-a44cc8756a37', 'd2a85e00-4fc4-4cc9-845d-4ad90da292d5', 'IT', 8, 8, '2023-05-03 19:31:24', NULL),
('75403642-e9ae-11ed-9acb-a44cc8756a37', 'aafb896f-dbfd-11ed-a1e6-a44cc8756a37', 'd2a85e00-4fc4-4cc9-845d-4ad90da292d5', 'Other', 9, 9, '2023-05-03 19:31:24', NULL),
('e335e13e-fa46-11ed-9dc8-a44cc8756a37', 'aafb738e-dbfd-11ed-a1e6-a44cc8756a37', '8c38ae6f-223c-493a-b7a3-6a4122986848', 'Neutral', 1, 1, '2023-05-24 22:23:04', NULL),
('e335e809-fa46-11ed-9dc8-a44cc8756a37', 'aafb845c-dbfd-11ed-a1e6-a44cc8756a37', '8c38ae6f-223c-493a-b7a3-6a4122986848', 'Academic', 2, 2, '2023-05-24 22:23:04', NULL),
('e335e8d5-fa46-11ed-9dc8-a44cc8756a37', 'aafb862d-dbfd-11ed-a1e6-a44cc8756a37', '8c38ae6f-223c-493a-b7a3-6a4122986848', 'Literature', 3, 3, '2023-05-24 22:23:04', NULL),
('e335ead8-fa46-11ed-9dc8-a44cc8756a37', 'aafb86cd-dbfd-11ed-a1e6-a44cc8756a37', '8c38ae6f-223c-493a-b7a3-6a4122986848', 'Business', 4, 4, '2023-05-24 22:23:04', NULL),
('e335ec2b-fa46-11ed-9dc8-a44cc8756a37', 'aafb8745-dbfd-11ed-a1e6-a44cc8756a37', '8c38ae6f-223c-493a-b7a3-6a4122986848', 'Law', 5, 5, '2023-05-24 22:23:04', NULL),
('e335eda0-fa46-11ed-9dc8-a44cc8756a37', 'aafb87b8-dbfd-11ed-a1e6-a44cc8756a37', '8c38ae6f-223c-493a-b7a3-6a4122986848', 'Journalism', 6, 6, '2023-05-24 22:23:04', NULL),
('e335ee94-fa46-11ed-9dc8-a44cc8756a37', 'aafb8832-dbfd-11ed-a1e6-a44cc8756a37', '8c38ae6f-223c-493a-b7a3-6a4122986848', 'Medicine', 7, 7, '2023-05-24 22:23:04', NULL),
('e335ef11-fa46-11ed-9dc8-a44cc8756a37', 'aafb88dd-dbfd-11ed-a1e6-a44cc8756a37', '8c38ae6f-223c-493a-b7a3-6a4122986848', 'IT', 8, 8, '2023-05-24 22:23:04', NULL),
('e335ef77-fa46-11ed-9dc8-a44cc8756a37', 'aafb896f-dbfd-11ed-a1e6-a44cc8756a37', '8c38ae6f-223c-493a-b7a3-6a4122986848', 'Other', 9, 9, '2023-05-24 22:23:04', NULL),
('efd9696e-19b2-11ee-a155-a44cc8756a37', 'aafb738e-dbfd-11ed-a1e6-a44cc8756a37', 'e371671b-430d-45b9-a50e-b218a16bb8bc', 'Neutral', 1, 1, '2023-07-03 22:03:07', NULL),
('efd96fbf-19b2-11ee-a155-a44cc8756a37', 'aafb845c-dbfd-11ed-a1e6-a44cc8756a37', 'e371671b-430d-45b9-a50e-b218a16bb8bc', 'Academic', 2, 2, '2023-07-03 22:03:07', NULL),
('efd9712d-19b2-11ee-a155-a44cc8756a37', 'aafb862d-dbfd-11ed-a1e6-a44cc8756a37', 'e371671b-430d-45b9-a50e-b218a16bb8bc', 'Literature', 3, 3, '2023-07-03 22:03:07', NULL),
('efd97266-19b2-11ee-a155-a44cc8756a37', 'aafb86cd-dbfd-11ed-a1e6-a44cc8756a37', 'e371671b-430d-45b9-a50e-b218a16bb8bc', 'Business', 4, 4, '2023-07-03 22:03:07', NULL),
('efd97430-19b2-11ee-a155-a44cc8756a37', 'aafb8745-dbfd-11ed-a1e6-a44cc8756a37', 'e371671b-430d-45b9-a50e-b218a16bb8bc', 'Law', 5, 5, '2023-07-03 22:03:07', NULL),
('efd97526-19b2-11ee-a155-a44cc8756a37', 'aafb87b8-dbfd-11ed-a1e6-a44cc8756a37', 'e371671b-430d-45b9-a50e-b218a16bb8bc', 'Journalism', 6, 6, '2023-07-03 22:03:07', NULL),
('efd97618-19b2-11ee-a155-a44cc8756a37', 'aafb8832-dbfd-11ed-a1e6-a44cc8756a37', 'e371671b-430d-45b9-a50e-b218a16bb8bc', 'Medicine', 7, 7, '2023-07-03 22:03:07', NULL),
('efd976ff-19b2-11ee-a155-a44cc8756a37', 'aafb88dd-dbfd-11ed-a1e6-a44cc8756a37', 'e371671b-430d-45b9-a50e-b218a16bb8bc', 'IT', 8, 8, '2023-07-03 22:03:07', NULL),
('efd977ee-19b2-11ee-a155-a44cc8756a37', 'aafb896f-dbfd-11ed-a1e6-a44cc8756a37', 'e371671b-430d-45b9-a50e-b218a16bb8bc', 'Other', 9, 9, '2023-07-03 22:03:07', NULL);

-- 
-- Dumping data for table nuance
--
INSERT INTO nuance VALUES
('7540ab3e-e9ae-11ed-9acb-a44cc8756a37', 'c59eaacb-dbfd-11ed-a1e6-a44cc8756a37', 'd2a85e00-4fc4-4cc9-845d-4ad90da292d5', 'Neutral', 1, 1, '2023-05-03 19:31:24', NULL),
('7540cbf3-e9ae-11ed-9acb-a44cc8756a37', 'c59eb46d-dbfd-11ed-a1e6-a44cc8756a37', 'd2a85e00-4fc4-4cc9-845d-4ad90da292d5', 'Old fashioned', 2, 2, '2023-05-03 19:31:24', NULL),
('7540cdd0-e9ae-11ed-9acb-a44cc8756a37', 'c59eb542-dbfd-11ed-a1e6-a44cc8756a37', 'd2a85e00-4fc4-4cc9-845d-4ad90da292d5', 'Humorous', 3, 3, '2023-05-03 19:31:24', NULL),
('7540ce95-e9ae-11ed-9acb-a44cc8756a37', 'c59eb58d-dbfd-11ed-a1e6-a44cc8756a37', 'd2a85e00-4fc4-4cc9-845d-4ad90da292d5', 'Oft positive', 4, 4, '2023-05-03 19:31:24', NULL),
('7540cf46-e9ae-11ed-9acb-a44cc8756a37', 'c59eb5be-dbfd-11ed-a1e6-a44cc8756a37', 'd2a85e00-4fc4-4cc9-845d-4ad90da292d5', 'Oft negative', 5, 5, '2023-05-03 19:31:24', NULL),
('e3370b14-fa46-11ed-9dc8-a44cc8756a37', 'c59eaacb-dbfd-11ed-a1e6-a44cc8756a37', '8c38ae6f-223c-493a-b7a3-6a4122986848', 'Neutral', 1, 1, '2023-05-24 22:23:04', NULL),
('e337117c-fa46-11ed-9dc8-a44cc8756a37', 'c59eb46d-dbfd-11ed-a1e6-a44cc8756a37', '8c38ae6f-223c-493a-b7a3-6a4122986848', 'Old fashioned', 2, 2, '2023-05-24 22:23:04', NULL),
('e33712e7-fa46-11ed-9dc8-a44cc8756a37', 'c59eb542-dbfd-11ed-a1e6-a44cc8756a37', '8c38ae6f-223c-493a-b7a3-6a4122986848', 'Humorous', 3, 3, '2023-05-24 22:23:04', NULL),
('e33714e3-fa46-11ed-9dc8-a44cc8756a37', 'c59eb58d-dbfd-11ed-a1e6-a44cc8756a37', '8c38ae6f-223c-493a-b7a3-6a4122986848', 'Oft positive', 4, 4, '2023-05-24 22:23:04', NULL),
('e337169b-fa46-11ed-9dc8-a44cc8756a37', 'c59eb5be-dbfd-11ed-a1e6-a44cc8756a37', '8c38ae6f-223c-493a-b7a3-6a4122986848', 'Oft negative', 5, 5, '2023-05-24 22:23:04', NULL),
('efdab4d3-19b2-11ee-a155-a44cc8756a37', 'c59eaacb-dbfd-11ed-a1e6-a44cc8756a37', 'e371671b-430d-45b9-a50e-b218a16bb8bc', 'Neutral', 1, 1, '2023-07-03 22:03:07', NULL),
('efdacad0-19b2-11ee-a155-a44cc8756a37', 'c59eb46d-dbfd-11ed-a1e6-a44cc8756a37', 'e371671b-430d-45b9-a50e-b218a16bb8bc', 'Old fashioned', 2, 2, '2023-07-03 22:03:07', NULL),
('efdad140-19b2-11ee-a155-a44cc8756a37', 'c59eb542-dbfd-11ed-a1e6-a44cc8756a37', 'e371671b-430d-45b9-a50e-b218a16bb8bc', 'Humorous', 3, 3, '2023-07-03 22:03:07', NULL),
('efdadf4f-19b2-11ee-a155-a44cc8756a37', 'c59eb58d-dbfd-11ed-a1e6-a44cc8756a37', 'e371671b-430d-45b9-a50e-b218a16bb8bc', 'Oft positive', 4, 4, '2023-07-03 22:03:07', NULL),
('efdae68c-19b2-11ee-a155-a44cc8756a37', 'c59eb5be-dbfd-11ed-a1e6-a44cc8756a37', 'e371671b-430d-45b9-a50e-b218a16bb8bc', 'Oft negative', 5, 5, '2023-07-03 22:03:07', NULL);

-- 
-- Dumping data for table mode
--
INSERT INTO mode VALUES
('753f1f2c-e9ae-11ed-9acb-a44cc8756a37', '6799339c-dbfd-11ed-a1e6-a44cc8756a37', 'd2a85e00-4fc4-4cc9-845d-4ad90da292d5', 'Neutral', 1, 1, '2023-05-03 19:31:24', NULL),
('753f4378-e9ae-11ed-9acb-a44cc8756a37', '67993cef-dbfd-11ed-a1e6-a44cc8756a37', 'd2a85e00-4fc4-4cc9-845d-4ad90da292d5', 'Spoken', 2, 2, '2023-05-03 19:31:24', NULL),
('753f4665-e9ae-11ed-9acb-a44cc8756a37', '67993dd2-dbfd-11ed-a1e6-a44cc8756a37', 'd2a85e00-4fc4-4cc9-845d-4ad90da292d5', 'Written', 3, 3, '2023-05-03 19:31:24', NULL),
('e33546e8-fa46-11ed-9dc8-a44cc8756a37', '6799339c-dbfd-11ed-a1e6-a44cc8756a37', '8c38ae6f-223c-493a-b7a3-6a4122986848', 'Neutral', 1, 1, '2023-05-24 22:23:03', NULL),
('e33550c1-fa46-11ed-9dc8-a44cc8756a37', '67993cef-dbfd-11ed-a1e6-a44cc8756a37', '8c38ae6f-223c-493a-b7a3-6a4122986848', 'Spoken', 2, 2, '2023-05-24 22:23:03', NULL),
('e335523e-fa46-11ed-9dc8-a44cc8756a37', '67993dd2-dbfd-11ed-a1e6-a44cc8756a37', '8c38ae6f-223c-493a-b7a3-6a4122986848', 'Written', 3, 3, '2023-05-24 22:23:03', NULL),
('efd90384-19b2-11ee-a155-a44cc8756a37', '6799339c-dbfd-11ed-a1e6-a44cc8756a37', 'e371671b-430d-45b9-a50e-b218a16bb8bc', 'Neutral', 1, 1, '2023-07-03 22:03:07', NULL),
('efd91bf4-19b2-11ee-a155-a44cc8756a37', '67993cef-dbfd-11ed-a1e6-a44cc8756a37', 'e371671b-430d-45b9-a50e-b218a16bb8bc', 'Spoken', 2, 2, '2023-07-03 22:03:07', NULL),
('efd92178-19b2-11ee-a155-a44cc8756a37', '67993dd2-dbfd-11ed-a1e6-a44cc8756a37', 'e371671b-430d-45b9-a50e-b218a16bb8bc', 'Written', 3, 3, '2023-07-03 22:03:07', NULL);

-- 
-- Dumping data for table example_relationship
--
INSERT INTO example_relationship VALUES
(4, '0be11c6f-fb13-11ed-9dc8-a44cc8756a37', '653f8cb8-01b6-11ee-aac4-a44cc8756a37', '5932b989-01b7-11ee-aac4-a44cc8756a37', 'e3336742-fa46-11ed-9dc8-a44cc8756a37', '2023-06-03 09:37:38', '2023-06-03 09:37:38'),
(20, '753b1529-e9ae-11ed-9acb-a44cc8756a37', 'ef38154f-1d60-4e41-be1d-00c0893620a6', 'ecafa8e8-fe9e-4074-ac8f-c2798b101754', '753e1841-e9ae-11ed-9acb-a44cc8756a37', '2023-07-01 21:56:53', NULL),
(22, '753b1529-e9ae-11ed-9acb-a44cc8756a37', 'b3ad44da-2f80-4e94-9180-146d72b8aac0', '8baea638-4330-4856-9f0a-3f90f5b5e383', '753e1a83-e9ae-11ed-9acb-a44cc8756a37', '2023-07-01 22:00:46', NULL),
(35, '753b1529-e9ae-11ed-9acb-a44cc8756a37', '99029c2c-3158-448f-87fc-e737956e9d26', '987f921a-bc26-4f74-b154-30f13774334f', '753e1691-e9ae-11ed-9acb-a44cc8756a37', '2023-07-04 01:16:27', NULL),
(36, '753b1529-e9ae-11ed-9acb-a44cc8756a37', 'ab03c0c8-7d02-4bf5-8818-5ef969449408', '987f921a-bc26-4f74-b154-30f13774334f', '753e1841-e9ae-11ed-9acb-a44cc8756a37', '2023-07-04 01:16:27', NULL),
(37, '753b1529-e9ae-11ed-9acb-a44cc8756a37', '13be4714-0ee0-414d-899b-23a7868be62f', '2bc2e91c-9b18-40a0-952f-72e8328e9692', '753e1841-e9ae-11ed-9acb-a44cc8756a37', '2023-07-04 01:21:19', NULL),
(43, '753b1529-e9ae-11ed-9acb-a44cc8756a37', 'b3ad44da-2f80-4e94-9180-146d72b8aac0', '015bc834-de80-478c-b15a-f560cea5bd33', '753e1a83-e9ae-11ed-9acb-a44cc8756a37', '2023-07-06 09:35:18', NULL),
(44, '753b1529-e9ae-11ed-9acb-a44cc8756a37', '3f10c9b8-f7ac-11ed-9dc8-a44cc8756a37', '015bc834-de80-478c-b15a-f560cea5bd33', '753d5f4f-e9ae-11ed-9acb-a44cc8756a37', '2023-07-06 09:35:18', NULL),
(79, '753b1529-e9ae-11ed-9acb-a44cc8756a37', '736a2f12-48d3-43f9-a6d7-673657fed04d', 'b0b58883-2204-4d47-bd42-896c79f500cf', '753e1691-e9ae-11ed-9acb-a44cc8756a37', '2023-07-06 14:06:25', NULL),
(80, '753b1529-e9ae-11ed-9acb-a44cc8756a37', '64368219-e54d-4a53-ac4a-35a2176f3a1b', 'b0b58883-2204-4d47-bd42-896c79f500cf', '753e1841-e9ae-11ed-9acb-a44cc8756a37', '2023-07-06 14:06:25', NULL),
(118, '753b1529-e9ae-11ed-9acb-a44cc8756a37', '3f10c9b8-f7ac-11ed-9dc8-a44cc8756a37', '3833cce4-c240-448c-80b4-9f0fdff5503d', '753e1a83-e9ae-11ed-9acb-a44cc8756a37', '2023-07-06 17:44:16', NULL);

-- 
-- Dumping data for table dialect
--
INSERT INTO dialect VALUES
('75414610-e9ae-11ed-9acb-a44cc8756a37', 'd9016880-dbfd-11ed-a1e6-a44cc8756a37', 'd2a85e00-4fc4-4cc9-845d-4ad90da292d5', 'Neutral', 1, 1, '2023-05-03 19:31:24', NULL),
('7541adb4-e9ae-11ed-9acb-a44cc8756a37', 'd901737b-dbfd-11ed-a1e6-a44cc8756a37', 'd2a85e00-4fc4-4cc9-845d-4ad90da292d5', 'American', 2, 2, '2023-05-03 19:31:24', NULL),
('7541af82-e9ae-11ed-9acb-a44cc8756a37', 'd9017459-dbfd-11ed-a1e6-a44cc8756a37', 'd2a85e00-4fc4-4cc9-845d-4ad90da292d5', 'British', 3, 3, '2023-05-03 19:31:24', NULL),
('7541b0d9-e9ae-11ed-9acb-a44cc8756a37', 'd90174af-dbfd-11ed-a1e6-a44cc8756a37', 'd2a85e00-4fc4-4cc9-845d-4ad90da292d5', 'Other', 4, 4, '2023-05-03 19:31:24', NULL),
('e337ac12-fa46-11ed-9dc8-a44cc8756a37', 'd9016880-dbfd-11ed-a1e6-a44cc8756a37', '8c38ae6f-223c-493a-b7a3-6a4122986848', 'Neutral', 1, 1, '2023-05-24 22:23:04', NULL),
('e337b202-fa46-11ed-9dc8-a44cc8756a37', 'd901737b-dbfd-11ed-a1e6-a44cc8756a37', '8c38ae6f-223c-493a-b7a3-6a4122986848', 'American', 2, 2, '2023-05-24 22:23:04', NULL),
('e337b365-fa46-11ed-9dc8-a44cc8756a37', 'd9017459-dbfd-11ed-a1e6-a44cc8756a37', '8c38ae6f-223c-493a-b7a3-6a4122986848', 'British', 3, 3, '2023-05-24 22:23:04', NULL),
('e337b496-fa46-11ed-9dc8-a44cc8756a37', 'd90174af-dbfd-11ed-a1e6-a44cc8756a37', '8c38ae6f-223c-493a-b7a3-6a4122986848', 'Other', 4, 4, '2023-05-24 22:23:04', NULL),
('efdb7068-19b2-11ee-a155-a44cc8756a37', 'd9016880-dbfd-11ed-a1e6-a44cc8756a37', 'e371671b-430d-45b9-a50e-b218a16bb8bc', 'Neutral', 1, 1, '2023-07-03 22:03:07', NULL),
('efdb76f5-19b2-11ee-a155-a44cc8756a37', 'd901737b-dbfd-11ed-a1e6-a44cc8756a37', 'e371671b-430d-45b9-a50e-b218a16bb8bc', 'American', 2, 2, '2023-07-03 22:03:07', NULL),
('efdb7898-19b2-11ee-a155-a44cc8756a37', 'd9017459-dbfd-11ed-a1e6-a44cc8756a37', 'e371671b-430d-45b9-a50e-b218a16bb8bc', 'British', 3, 3, '2023-07-03 22:03:07', NULL),
('efdb7bde-19b2-11ee-a155-a44cc8756a37', 'd90174af-dbfd-11ed-a1e6-a44cc8756a37', 'e371671b-430d-45b9-a50e-b218a16bb8bc', 'Other', 4, 4, '2023-07-03 22:03:07', NULL);

-- 
-- Dumping data for table concept_relationship
--
INSERT INTO concept_relationship VALUES
(1, '753b1529-e9ae-11ed-9acb-a44cc8756a37', '3f10bd46-f7ac-11ed-9dc8-a44cc8756a37', '3f10c6c2-f7ac-11ed-9dc8-a44cc8756a37', '753bd9e4-e9ae-11ed-9acb-a44cc8756a37', NULL, NULL),
(2, '753b1529-e9ae-11ed-9acb-a44cc8756a37', '3f10bd46-f7ac-11ed-9dc8-a44cc8756a37', '3f10c733-f7ac-11ed-9dc8-a44cc8756a37', '753bd9e4-e9ae-11ed-9acb-a44cc8756a37', NULL, NULL),
(3, '753b1529-e9ae-11ed-9acb-a44cc8756a37', '3f10bd46-f7ac-11ed-9dc8-a44cc8756a37', '3f10c795-f7ac-11ed-9dc8-a44cc8756a37', '753bd9e4-e9ae-11ed-9acb-a44cc8756a37', NULL, NULL),
(4, '753b1529-e9ae-11ed-9acb-a44cc8756a37', '3f10c497-f7ac-11ed-9dc8-a44cc8756a37', '3f10c7f6-f7ac-11ed-9dc8-a44cc8756a37', '753bd9e4-e9ae-11ed-9acb-a44cc8756a37', NULL, NULL),
(5, '753b1529-e9ae-11ed-9acb-a44cc8756a37', '3f10c497-f7ac-11ed-9dc8-a44cc8756a37', '3f10c795-f7ac-11ed-9dc8-a44cc8756a37', '753bd9e4-e9ae-11ed-9acb-a44cc8756a37', NULL, NULL),
(6, '753b1529-e9ae-11ed-9acb-a44cc8756a37', '3f10c497-f7ac-11ed-9dc8-a44cc8756a37', '3f10c8f6-f7ac-11ed-9dc8-a44cc8756a37', '753bd9e4-e9ae-11ed-9acb-a44cc8756a37', NULL, NULL),
(8, '753b1529-e9ae-11ed-9acb-a44cc8756a37', '3f10c5ca-f7ac-11ed-9dc8-a44cc8756a37', '3f10c9b8-f7ac-11ed-9dc8-a44cc8756a37', '753bd9e4-e9ae-11ed-9acb-a44cc8756a37', NULL, NULL),
(9, '753b1529-e9ae-11ed-9acb-a44cc8756a37', '3f10c5ca-f7ac-11ed-9dc8-a44cc8756a37', '3f10ca18-f7ac-11ed-9dc8-a44cc8756a37', '753bd9e4-e9ae-11ed-9acb-a44cc8756a37', NULL, NULL),
(10, '753b1529-e9ae-11ed-9acb-a44cc8756a37', '3f10c733-f7ac-11ed-9dc8-a44cc8756a37', '3f10c795-f7ac-11ed-9dc8-a44cc8756a37', '753bd9e4-e9ae-11ed-9acb-a44cc8756a37', NULL, NULL),
(12, '753b1529-e9ae-11ed-9acb-a44cc8756a37', '3f10ca79-f7ac-11ed-9dc8-a44cc8756a37', '3f10bd46-f7ac-11ed-9dc8-a44cc8756a37', '753bd9e4-e9ae-11ed-9acb-a44cc8756a37', NULL, NULL),
(13, '753b1529-e9ae-11ed-9acb-a44cc8756a37', '3f10ca79-f7ac-11ed-9dc8-a44cc8756a37', '3f10c497-f7ac-11ed-9dc8-a44cc8756a37', '753bd9e4-e9ae-11ed-9acb-a44cc8756a37', NULL, NULL),
(14, '753b1529-e9ae-11ed-9acb-a44cc8756a37', '3f10ca79-f7ac-11ed-9dc8-a44cc8756a37', '3f10c5ca-f7ac-11ed-9dc8-a44cc8756a37', '753bd9e4-e9ae-11ed-9acb-a44cc8756a37', NULL, NULL),
(15, '753b1529-e9ae-11ed-9acb-a44cc8756a37', '3f10ca79-f7ac-11ed-9dc8-a44cc8756a37', '3f10c64e-f7ac-11ed-9dc8-a44cc8756a37', '753bd9e4-e9ae-11ed-9acb-a44cc8756a37', NULL, NULL),
(35, '0be11c6f-fb13-11ed-9dc8-a44cc8756a37', '653f8cb8-01b6-11ee-aac4-a44cc8756a37', '6540418c-01b6-11ee-aac4-a44cc8756a37', 'e332e615-fa46-11ed-9dc8-a44cc8756a37', '2023-06-03 09:31:26', '2023-06-29 18:19:18'),
(57, '4493ee19-25f6-41b5-b158-3356e5b81fb0', '32790e0e-1350-11ee-a155-a44cc8756a37', '32790502-1350-11ee-a155-a44cc8756a37', '753bd9e4-e9ae-11ed-9acb-a44cc8756a37', '2023-06-25 19:01:40', NULL),
(58, '4493ee19-25f6-41b5-b158-3356e5b81fb0', '32790e0e-1350-11ee-a155-a44cc8756a37', '32790aa6-1350-11ee-a155-a44cc8756a37', '753bd9e4-e9ae-11ed-9acb-a44cc8756a37', '2023-06-25 19:01:40', NULL),
(59, '4493ee19-25f6-41b5-b158-3356e5b81fb0', '32790e0e-1350-11ee-a155-a44cc8756a37', '32790b35-1350-11ee-a155-a44cc8756a37', '753bd9e4-e9ae-11ed-9acb-a44cc8756a37', '2023-06-25 19:01:40', NULL),
(60, '4493ee19-25f6-41b5-b158-3356e5b81fb0', '32790e0e-1350-11ee-a155-a44cc8756a37', '32790b84-1350-11ee-a155-a44cc8756a37', '753bd9e4-e9ae-11ed-9acb-a44cc8756a37', '2023-06-25 19:01:40', NULL),
(61, '4493ee19-25f6-41b5-b158-3356e5b81fb0', '32790502-1350-11ee-a155-a44cc8756a37', '32790bcd-1350-11ee-a155-a44cc8756a37', '753bd9e4-e9ae-11ed-9acb-a44cc8756a37', '2023-06-25 19:01:40', NULL),
(62, '4493ee19-25f6-41b5-b158-3356e5b81fb0', '32790502-1350-11ee-a155-a44cc8756a37', '32790c13-1350-11ee-a155-a44cc8756a37', '753bd9e4-e9ae-11ed-9acb-a44cc8756a37', '2023-06-25 19:01:40', NULL),
(63, '4493ee19-25f6-41b5-b158-3356e5b81fb0', '32790502-1350-11ee-a155-a44cc8756a37', '32790c57-1350-11ee-a155-a44cc8756a37', '753bd9e4-e9ae-11ed-9acb-a44cc8756a37', '2023-06-25 19:01:40', NULL),
(64, '4493ee19-25f6-41b5-b158-3356e5b81fb0', '32790aa6-1350-11ee-a155-a44cc8756a37', '32790c57-1350-11ee-a155-a44cc8756a37', '753bd9e4-e9ae-11ed-9acb-a44cc8756a37', '2023-06-25 19:01:40', NULL),
(65, '4493ee19-25f6-41b5-b158-3356e5b81fb0', '32790c13-1350-11ee-a155-a44cc8756a37', '32790c57-1350-11ee-a155-a44cc8756a37', '753bd9e4-e9ae-11ed-9acb-a44cc8756a37', '2023-06-25 19:01:40', NULL),
(66, '4493ee19-25f6-41b5-b158-3356e5b81fb0', '32790aa6-1350-11ee-a155-a44cc8756a37', '32790ca0-1350-11ee-a155-a44cc8756a37', '753bd9e4-e9ae-11ed-9acb-a44cc8756a37', '2023-06-25 19:01:40', NULL),
(67, '4493ee19-25f6-41b5-b158-3356e5b81fb0', '32790aa6-1350-11ee-a155-a44cc8756a37', '32790ced-1350-11ee-a155-a44cc8756a37', '753bd9e4-e9ae-11ed-9acb-a44cc8756a37', '2023-06-25 19:01:40', NULL),
(68, '4493ee19-25f6-41b5-b158-3356e5b81fb0', '32790b35-1350-11ee-a155-a44cc8756a37', '32790d33-1350-11ee-a155-a44cc8756a37', '753bd9e4-e9ae-11ed-9acb-a44cc8756a37', '2023-06-25 19:01:40', NULL),
(69, '4493ee19-25f6-41b5-b158-3356e5b81fb0', '32790d7c-1350-11ee-a155-a44cc8756a37', '32790d33-1350-11ee-a155-a44cc8756a37', '753bd9e4-e9ae-11ed-9acb-a44cc8756a37', '2023-06-25 19:01:40', NULL),
(70, '4493ee19-25f6-41b5-b158-3356e5b81fb0', '32790b35-1350-11ee-a155-a44cc8756a37', '32790d7c-1350-11ee-a155-a44cc8756a37', '753bd9e4-e9ae-11ed-9acb-a44cc8756a37', '2023-06-25 19:01:40', NULL),
(71, '4493ee19-25f6-41b5-b158-3356e5b81fb0', '32790b35-1350-11ee-a155-a44cc8756a37', '32790dc2-1350-11ee-a155-a44cc8756a37', '753bd9e4-e9ae-11ed-9acb-a44cc8756a37', '2023-06-25 19:01:40', NULL),
(239, '5edaffbb-d8eb-4d12-a637-406f8c8b060f', '66901bfd-c692-4b84-b29a-d6e2ec72995a', 'cf7597e0-518b-43d3-b150-ab8f814fc41f', '753bd9e4-e9ae-11ed-9acb-a44cc8756a37', '2023-06-27 23:21:04', NULL),
(240, '5edaffbb-d8eb-4d12-a637-406f8c8b060f', '66901bfd-c692-4b84-b29a-d6e2ec72995a', 'b03b7156-6491-4681-a589-a956f3bc9767', '753bd9e4-e9ae-11ed-9acb-a44cc8756a37', '2023-06-27 23:21:04', NULL),
(241, '5edaffbb-d8eb-4d12-a637-406f8c8b060f', '66901bfd-c692-4b84-b29a-d6e2ec72995a', '3757ca42-c059-476c-88c0-8cf39b1786f0', '753bd9e4-e9ae-11ed-9acb-a44cc8756a37', '2023-06-27 23:21:04', NULL),
(242, '5edaffbb-d8eb-4d12-a637-406f8c8b060f', '66901bfd-c692-4b84-b29a-d6e2ec72995a', '74188568-d0b5-4f4e-9e4a-5b3cb811c02b', '753bd9e4-e9ae-11ed-9acb-a44cc8756a37', '2023-06-27 23:21:04', NULL),
(243, '5edaffbb-d8eb-4d12-a637-406f8c8b060f', 'cf7597e0-518b-43d3-b150-ab8f814fc41f', 'aec835ee-c526-42cf-8e56-6e286e848c16', '753bd9e4-e9ae-11ed-9acb-a44cc8756a37', '2023-06-27 23:21:04', NULL),
(244, '5edaffbb-d8eb-4d12-a637-406f8c8b060f', 'cf7597e0-518b-43d3-b150-ab8f814fc41f', 'c91bc8a6-62ae-4d8a-8940-e7e158079e93', '753bd9e4-e9ae-11ed-9acb-a44cc8756a37', '2023-06-27 23:21:04', NULL),
(245, '5edaffbb-d8eb-4d12-a637-406f8c8b060f', 'cf7597e0-518b-43d3-b150-ab8f814fc41f', 'e1c835fa-7342-46da-b175-9074a6e78069', '753bd9e4-e9ae-11ed-9acb-a44cc8756a37', '2023-06-27 23:21:04', NULL),
(246, '5edaffbb-d8eb-4d12-a637-406f8c8b060f', 'b03b7156-6491-4681-a589-a956f3bc9767', 'e1c835fa-7342-46da-b175-9074a6e78069', '753bd9e4-e9ae-11ed-9acb-a44cc8756a37', '2023-06-27 23:21:04', NULL),
(247, '5edaffbb-d8eb-4d12-a637-406f8c8b060f', 'c91bc8a6-62ae-4d8a-8940-e7e158079e93', 'e1c835fa-7342-46da-b175-9074a6e78069', '753bd9e4-e9ae-11ed-9acb-a44cc8756a37', '2023-06-27 23:21:04', NULL),
(248, '5edaffbb-d8eb-4d12-a637-406f8c8b060f', 'b03b7156-6491-4681-a589-a956f3bc9767', 'afb8496a-78e2-46a0-9c36-c3991b915c90', '753bd9e4-e9ae-11ed-9acb-a44cc8756a37', '2023-06-27 23:21:04', NULL),
(249, '5edaffbb-d8eb-4d12-a637-406f8c8b060f', 'b03b7156-6491-4681-a589-a956f3bc9767', 'f0fec550-c228-4d2a-852e-26fc51a56c64', '753bd9e4-e9ae-11ed-9acb-a44cc8756a37', '2023-06-27 23:21:04', NULL),
(250, '5edaffbb-d8eb-4d12-a637-406f8c8b060f', '3757ca42-c059-476c-88c0-8cf39b1786f0', 'afe822c8-0337-4446-af0a-2e16e55f7afb', '753bd9e4-e9ae-11ed-9acb-a44cc8756a37', '2023-06-27 23:21:04', NULL),
(251, '5edaffbb-d8eb-4d12-a637-406f8c8b060f', 'aefeb889-a7a5-4194-8290-e02630c85fd5', 'afe822c8-0337-4446-af0a-2e16e55f7afb', '753bd9e4-e9ae-11ed-9acb-a44cc8756a37', '2023-06-27 23:21:04', NULL),
(252, '5edaffbb-d8eb-4d12-a637-406f8c8b060f', '3757ca42-c059-476c-88c0-8cf39b1786f0', 'aefeb889-a7a5-4194-8290-e02630c85fd5', '753bd9e4-e9ae-11ed-9acb-a44cc8756a37', '2023-06-27 23:21:04', NULL),
(253, '5edaffbb-d8eb-4d12-a637-406f8c8b060f', '3757ca42-c059-476c-88c0-8cf39b1786f0', '0a17e1b7-f955-4f13-a2e4-8744529cc494', '753bd9e4-e9ae-11ed-9acb-a44cc8756a37', '2023-06-27 23:21:04', NULL),
(254, '3815b6c3-09b8-4e74-85a7-ab7b0d0359fc', '53eefe99-d458-4e07-bdd5-e3aa766bc1a1', '44acd50d-404f-4d76-a005-5a6027c8908d', '753bd9e4-e9ae-11ed-9acb-a44cc8756a37', '2023-06-28 22:28:05', NULL),
(255, '3815b6c3-09b8-4e74-85a7-ab7b0d0359fc', '53eefe99-d458-4e07-bdd5-e3aa766bc1a1', '00ed170a-7cb4-425b-b4f2-9b34f9e924be', '753bd9e4-e9ae-11ed-9acb-a44cc8756a37', '2023-06-28 22:28:05', NULL),
(256, '3815b6c3-09b8-4e74-85a7-ab7b0d0359fc', '53eefe99-d458-4e07-bdd5-e3aa766bc1a1', 'b728de5a-9a25-40c0-a430-cc5b0f4d0fbc', '753bd9e4-e9ae-11ed-9acb-a44cc8756a37', '2023-06-28 22:28:05', NULL),
(257, '3815b6c3-09b8-4e74-85a7-ab7b0d0359fc', '53eefe99-d458-4e07-bdd5-e3aa766bc1a1', '1f91817a-d408-4303-98d8-e064f3652243', '753bd9e4-e9ae-11ed-9acb-a44cc8756a37', '2023-06-28 22:28:05', NULL),
(258, '3815b6c3-09b8-4e74-85a7-ab7b0d0359fc', '44acd50d-404f-4d76-a005-5a6027c8908d', '6c16e16b-8949-4d0b-a119-89c634bda21c', '753bd9e4-e9ae-11ed-9acb-a44cc8756a37', '2023-06-28 22:28:05', NULL),
(259, '3815b6c3-09b8-4e74-85a7-ab7b0d0359fc', '44acd50d-404f-4d76-a005-5a6027c8908d', '71def907-b1c0-4e9b-8523-5e375a27409b', '753bd9e4-e9ae-11ed-9acb-a44cc8756a37', '2023-06-28 22:28:05', NULL),
(260, '3815b6c3-09b8-4e74-85a7-ab7b0d0359fc', '44acd50d-404f-4d76-a005-5a6027c8908d', '604da561-e71f-455d-826f-d6a339303044', '753bd9e4-e9ae-11ed-9acb-a44cc8756a37', '2023-06-28 22:28:05', NULL),
(261, '3815b6c3-09b8-4e74-85a7-ab7b0d0359fc', '00ed170a-7cb4-425b-b4f2-9b34f9e924be', '604da561-e71f-455d-826f-d6a339303044', '753bd9e4-e9ae-11ed-9acb-a44cc8756a37', '2023-06-28 22:28:05', NULL),
(262, '3815b6c3-09b8-4e74-85a7-ab7b0d0359fc', '71def907-b1c0-4e9b-8523-5e375a27409b', '604da561-e71f-455d-826f-d6a339303044', '753bd9e4-e9ae-11ed-9acb-a44cc8756a37', '2023-06-28 22:28:05', NULL),
(263, '3815b6c3-09b8-4e74-85a7-ab7b0d0359fc', '00ed170a-7cb4-425b-b4f2-9b34f9e924be', 'bd8ea6b7-2289-4b73-b7b6-f75d59750a2b', '753bd9e4-e9ae-11ed-9acb-a44cc8756a37', '2023-06-28 22:28:05', NULL),
(264, '3815b6c3-09b8-4e74-85a7-ab7b0d0359fc', '00ed170a-7cb4-425b-b4f2-9b34f9e924be', '6af3f765-32d2-41f6-954f-0ce2373ed99b', '753bd9e4-e9ae-11ed-9acb-a44cc8756a37', '2023-06-28 22:28:05', NULL),
(265, '3815b6c3-09b8-4e74-85a7-ab7b0d0359fc', 'b728de5a-9a25-40c0-a430-cc5b0f4d0fbc', 'f722e3ec-0fca-4553-ae5e-0864c21fb1dc', '753bd9e4-e9ae-11ed-9acb-a44cc8756a37', '2023-06-28 22:28:05', NULL),
(266, '3815b6c3-09b8-4e74-85a7-ab7b0d0359fc', '48df245f-db09-4118-8883-e453e9213154', 'f722e3ec-0fca-4553-ae5e-0864c21fb1dc', '753bd9e4-e9ae-11ed-9acb-a44cc8756a37', '2023-06-28 22:28:05', NULL),
(267, '3815b6c3-09b8-4e74-85a7-ab7b0d0359fc', 'b728de5a-9a25-40c0-a430-cc5b0f4d0fbc', '48df245f-db09-4118-8883-e453e9213154', '753bd9e4-e9ae-11ed-9acb-a44cc8756a37', '2023-06-28 22:28:05', NULL),
(268, '3815b6c3-09b8-4e74-85a7-ab7b0d0359fc', 'b728de5a-9a25-40c0-a430-cc5b0f4d0fbc', '93f1da64-a08a-408f-8afd-720ccbf45b63', '753bd9e4-e9ae-11ed-9acb-a44cc8756a37', '2023-06-28 22:28:05', NULL),
(272, '753b1529-e9ae-11ed-9acb-a44cc8756a37', '376e70ff-49d0-4aa7-9fa5-25deb116aa87', '3f10c9b8-f7ac-11ed-9dc8-a44cc8756a37', '753bdda8-e9ae-11ed-9acb-a44cc8756a37', '2023-06-29 22:35:33', NULL),
(273, '753b1529-e9ae-11ed-9acb-a44cc8756a37', '3f10c9b8-f7ac-11ed-9dc8-a44cc8756a37', '13be4714-0ee0-414d-899b-23a7868be62f', '753bd9e4-e9ae-11ed-9acb-a44cc8756a37', '2023-07-01 16:56:06', NULL),
(274, '753b1529-e9ae-11ed-9acb-a44cc8756a37', 'ef38154f-1d60-4e41-be1d-00c0893620a6', '736a2f12-48d3-43f9-a6d7-673657fed04d', '753bdda8-e9ae-11ed-9acb-a44cc8756a37', '2023-07-02 22:44:44', NULL),
(275, '753b1529-e9ae-11ed-9acb-a44cc8756a37', '13be4714-0ee0-414d-899b-23a7868be62f', '736a2f12-48d3-43f9-a6d7-673657fed04d', '753bdda8-e9ae-11ed-9acb-a44cc8756a37', '2023-07-02 22:44:52', NULL),
(276, '753b1529-e9ae-11ed-9acb-a44cc8756a37', '736a2f12-48d3-43f9-a6d7-673657fed04d', '376e70ff-49d0-4aa7-9fa5-25deb116aa87', '753bd9e4-e9ae-11ed-9acb-a44cc8756a37', '2023-07-04 23:12:40', NULL),
(277, '753b1529-e9ae-11ed-9acb-a44cc8756a37', '736a2f12-48d3-43f9-a6d7-673657fed04d', 'ab03c0c8-7d02-4bf5-8818-5ef969449408', '753bdda8-e9ae-11ed-9acb-a44cc8756a37', '2023-07-04 23:12:43', NULL),
(278, '753b1529-e9ae-11ed-9acb-a44cc8756a37', '736a2f12-48d3-43f9-a6d7-673657fed04d', '15922d3b-85f9-430a-9d25-666ae50dee38', '753bd9e4-e9ae-11ed-9acb-a44cc8756a37', '2023-07-04 23:12:46', NULL),
(279, '753b1529-e9ae-11ed-9acb-a44cc8756a37', '736a2f12-48d3-43f9-a6d7-673657fed04d', '2a644078-149b-44fa-8591-2029a8cbe584', '753bdda8-e9ae-11ed-9acb-a44cc8756a37', '2023-07-04 23:12:50', NULL),
(280, '753b1529-e9ae-11ed-9acb-a44cc8756a37', '736a2f12-48d3-43f9-a6d7-673657fed04d', '99029c2c-3158-448f-87fc-e737956e9d26', '753bd9e4-e9ae-11ed-9acb-a44cc8756a37', '2023-07-04 23:12:53', NULL),
(281, '753b1529-e9ae-11ed-9acb-a44cc8756a37', '7751d242-bb28-4279-90ee-2966e45ba218', '736a2f12-48d3-43f9-a6d7-673657fed04d', '753bd9e4-e9ae-11ed-9acb-a44cc8756a37', '2023-07-04 23:13:03', NULL),
(282, '753b1529-e9ae-11ed-9acb-a44cc8756a37', 'bb91b273-b40b-42b5-a36c-782446f5abea', '736a2f12-48d3-43f9-a6d7-673657fed04d', '753bd9e4-e9ae-11ed-9acb-a44cc8756a37', '2023-07-04 23:13:07', NULL),
(283, '753b1529-e9ae-11ed-9acb-a44cc8756a37', 'dfc7d0b9-cbf6-4d29-ae47-c3cb9085284a', '736a2f12-48d3-43f9-a6d7-673657fed04d', '753bdda8-e9ae-11ed-9acb-a44cc8756a37', '2023-07-04 23:13:12', NULL);

-- 
-- Dumping data for table cache_sql
--
INSERT INTO cache_sql VALUES
(13, 'WordsapiNumberRequestPerDay', '6', NULL, NULL, '2023-06-11 16:08:05', '2023-06-12 16:08:05', NULL, NULL),
(15, '4bde83b5-3e47-4e7d-8fe1-f0f4f370a4c3_2706a468-fb13-11ed-9dc8-a44cc8756a37', '{"DictionaryId":"2706a468-fb13-11ed-9dc8-a44cc8756a37","NumberValidRecord":9,"ListConcept":[{"ConceptId":"22036490-6290-4152-940d-a3255b60f197","DictionaryId":"2706a468-fb13-11ed-9dc8-a44cc8756a37","Title":"hero","Description":"anh hùng","NormalizedTitle":null,"SoundexTitle":null,"CreatedDate":"2023-06-15T12:09:33.5725723+07:00","ModifiedDate":null},{"ConceptId":"ae05fe57-9195-4b4a-82b4-c3e48a56b776","DictionaryId":"2706a468-fb13-11ed-9dc8-a44cc8756a37","Title":"color","Description":"màu sắc","NormalizedTitle":null,"SoundexTitle":null,"CreatedDate":"2023-06-15T12:09:33.5725723+07:00","ModifiedDate":null},{"ConceptId":"39cc1040-cd5d-404e-8780-5f6792e6cb97","DictionaryId":"2706a468-fb13-11ed-9dc8-a44cc8756a37","Title":"red","Description":"màu đỏ","NormalizedTitle":null,"SoundexTitle":null,"CreatedDate":"2023-06-15T12:09:33.5725723+07:00","ModifiedDate":null},{"ConceptId":"f8a4a16b-3d9e-47d4-a158-5da16bf54ee8","DictionaryId":"2706a468-fb13-11ed-9dc8-a44cc8756a37","Title":"fallen","Description":null,"NormalizedTitle":null,"SoundexTitle":null,"CreatedDate":"2023-06-15T12:09:33.5725723+07:00","ModifiedDate":null},{"ConceptId":"1c48bfdf-10ca-46f8-adad-2e76f5abb60c","DictionaryId":"2706a468-fb13-11ed-9dc8-a44cc8756a37","Title":"hello","Description":null,"NormalizedTitle":null,"SoundexTitle":null,"CreatedDate":"2023-06-15T12:09:33.5725723+07:00","ModifiedDate":null}],"ListExample":[{"ExampleId":"37c19ffd-9f9d-4e6d-89a7-4bddce936487","DictionaryId":"2706a468-fb13-11ed-9dc8-a44cc8756a37","ToneId":"e33429d5-fa46-11ed-9dc8-a44cc8756a37","RegisterId":"e335e13e-fa46-11ed-9dc8-a44cc8756a37","DialectId":"e337b202-fa46-11ed-9dc8-a44cc8756a37","ModeId":"e33550c1-fa46-11ed-9dc8-a44cc8756a37","NuanceId":"e3370b14-fa46-11ed-9dc8-a44cc8756a37","Note":"Chào hỏi lịch sự","Detail":"How do you do","DetailHtml":"<h><h>How do you do<h></h>","ListExampleRelationship":null,"ToneName":null,"ModeName":null,"RegisterName":null,"NuanceName":null,"DialectName":null,"CreatedDate":"2023-06-15T12:09:33.5725723+07:00","ModifiedDate":null},{"ExampleId":"629725c4-3e33-4d4e-837f-f4a5b56683e6","DictionaryId":"2706a468-fb13-11ed-9dc8-a44cc8756a37","ToneId":"e3341f6e-fa46-11ed-9dc8-a44cc8756a37","RegisterId":"e335e13e-fa46-11ed-9dc8-a44cc8756a37","DialectId":"e337ac12-fa46-11ed-9dc8-a44cc8756a37","ModeId":"e33546e8-fa46-11ed-9dc8-a44cc8756a37","NuanceId":"e3370b14-fa46-11ed-9dc8-a44cc8756a37","Note":"Anh hùng liệt sỹ","Detail":"fallen hero","DetailHtml":"<h>fallen hero</h>","ListExampleRelationship":null,"ToneName":null,"ModeName":null,"RegisterName":null,"NuanceName":null,"DialectName":null,"CreatedDate":"2023-06-15T12:09:33.5725723+07:00","ModifiedDate":null}],"ListConceptRelationship":[{"ConceptRelationshipId":0,"DictionaryId":"2706a468-fb13-11ed-9dc8-a44cc8756a37","ConceptId":"39cc1040-cd5d-404e-8780-5f6792e6cb97","ParentId":"ae05fe57-9195-4b4a-82b4-c3e48a56b776","ConceptLinkId":"e332e708-fa46-11ed-9dc8-a44cc8756a37","CreatedDate":"2023-06-15T12:09:33.5725723+07:00","ModifiedDate":null}],"ListExampleRelationship":[{"ExampleRelationshipId":0,"DictionaryId":"2706a468-fb13-11ed-9dc8-a44cc8756a37","ConceptId":"1c48bfdf-10ca-46f8-adad-2e76f5abb60c","ExampleId":"37c19ffd-9f9d-4e6d-89a7-4bddce936487","ExampleLinkId":"e3336a43-fa46-11ed-9dc8-a44cc8756a37","CreatedDate":"2023-06-15T12:09:33.5725723+07:00","ModifiedDate":null}]}', '8c38ae6f-223c-493a-b7a3-6a4122986848', 1, '2023-06-15 12:09:33', '2023-06-15 13:09:33', NULL, NULL),
(67, 'af6560a6-2394-4984-9fb1-33232bdb2f0b_4493ee19-25f6-41b5-b158-3356e5b81fb0', '{"DictionaryId":"4493ee19-25f6-41b5-b158-3356e5b81fb0","NumberValidRecord":12,"ListConcept":[{"ConceptId":"b39e0fb0-5d83-4126-8408-6e60ab7685ec","DictionaryId":"4493ee19-25f6-41b5-b158-3356e5b81fb0","Title":"hero","Description":"anh hùng","NormalizedTitle":null,"SoundexTitle":null,"CreatedDate":"2023-06-30T21:56:00.3383383+07:00","ModifiedDate":null},{"ConceptId":"e5967be6-19a9-4628-ba11-776b8c19dfc4","DictionaryId":"4493ee19-25f6-41b5-b158-3356e5b81fb0","Title":"color","Description":"màu sắc","NormalizedTitle":null,"SoundexTitle":null,"CreatedDate":"2023-06-30T21:56:00.3383383+07:00","ModifiedDate":null},{"ConceptId":"cc6c4124-d04e-4f91-989f-11fda4adae45","DictionaryId":"4493ee19-25f6-41b5-b158-3356e5b81fb0","Title":"red","Description":"màu đỏ","NormalizedTitle":null,"SoundexTitle":null,"CreatedDate":"2023-06-30T21:56:00.3383383+07:00","ModifiedDate":null},{"ConceptId":"621e3ac8-069b-4edb-9f0b-71f572d2d32b","DictionaryId":"4493ee19-25f6-41b5-b158-3356e5b81fb0","Title":"green","Description":"màu xanh lá cây","NormalizedTitle":null,"SoundexTitle":null,"CreatedDate":"2023-06-30T21:56:00.3383383+07:00","ModifiedDate":null},{"ConceptId":"5d85feeb-d93d-46a3-8907-e60e389077b6","DictionaryId":"4493ee19-25f6-41b5-b158-3356e5b81fb0","Title":"fallen","Description":null,"NormalizedTitle":null,"SoundexTitle":null,"CreatedDate":"2023-06-30T21:56:00.3383383+07:00","ModifiedDate":null},{"ConceptId":"de4c334e-e1ec-4f2c-8208-5bd69d3b5d3b","DictionaryId":"4493ee19-25f6-41b5-b158-3356e5b81fb0","Title":"hello","Description":null,"NormalizedTitle":null,"SoundexTitle":null,"CreatedDate":"2023-06-30T21:56:00.3383383+07:00","ModifiedDate":null}],"ListExample":[{"ExampleId":"cf612e47-30e3-40c9-921d-7073ca6042ac","DictionaryId":"4493ee19-25f6-41b5-b158-3356e5b81fb0","ToneId":"753eb5f5-e9ae-11ed-9acb-a44cc8756a37","RegisterId":"753fc35f-e9ae-11ed-9acb-a44cc8756a37","DialectId":"7541adb4-e9ae-11ed-9acb-a44cc8756a37","ModeId":"753f4378-e9ae-11ed-9acb-a44cc8756a37","NuanceId":"7540ab3e-e9ae-11ed-9acb-a44cc8756a37","Note":"Chào hỏi lịch sự","Detail":"How do you do","DetailHtml":"<h><h>How do you do<h></h>","ListExampleRelationship":null,"ToneName":null,"ModeName":null,"RegisterName":null,"NuanceName":null,"DialectName":null,"CreatedDate":"2023-06-30T21:56:00.3383383+07:00","ModifiedDate":null},{"ExampleId":"23c2a620-6af3-48e5-99be-179552c2a945","DictionaryId":"4493ee19-25f6-41b5-b158-3356e5b81fb0","ToneId":"753eb17f-e9ae-11ed-9acb-a44cc8756a37","RegisterId":"753fc35f-e9ae-11ed-9acb-a44cc8756a37","DialectId":"75414610-e9ae-11ed-9acb-a44cc8756a37","ModeId":"753f4378-e9ae-11ed-9acb-a44cc8756a37","NuanceId":"7540ce95-e9ae-11ed-9acb-a44cc8756a37","Note":null,"Detail":"What''s up","DetailHtml":"<h><h>What''s up<h></h>","ListExampleRelationship":null,"ToneName":null,"ModeName":null,"RegisterName":null,"NuanceName":null,"DialectName":null,"CreatedDate":"2023-06-30T21:56:00.3383383+07:00","ModifiedDate":null}],"ListConceptRelationship":[{"ConceptRelationshipId":0,"DictionaryId":"4493ee19-25f6-41b5-b158-3356e5b81fb0","ConceptId":"cc6c4124-d04e-4f91-989f-11fda4adae45","ParentId":"e5967be6-19a9-4628-ba11-776b8c19dfc4","ConceptLinkId":"753bdda8-e9ae-11ed-9acb-a44cc8756a37","CreatedDate":"2023-06-30T21:56:00.3383383+07:00","ModifiedDate":null},{"ConceptRelationshipId":0,"DictionaryId":"4493ee19-25f6-41b5-b158-3356e5b81fb0","ConceptId":"621e3ac8-069b-4edb-9f0b-71f572d2d32b","ParentId":"e5967be6-19a9-4628-ba11-776b8c19dfc4","ConceptLinkId":"753bdda8-e9ae-11ed-9acb-a44cc8756a37","CreatedDate":"2023-06-30T21:56:00.3383383+07:00","ModifiedDate":null}],"ListExampleRelationship":[{"ExampleRelationshipId":0,"DictionaryId":"4493ee19-25f6-41b5-b158-3356e5b81fb0","ConceptId":"de4c334e-e1ec-4f2c-8208-5bd69d3b5d3b","ExampleId":"cf612e47-30e3-40c9-921d-7073ca6042ac","ExampleLinkId":"753e1a83-e9ae-11ed-9acb-a44cc8756a37","CreatedDate":"2023-06-30T21:56:00.3383383+07:00","ModifiedDate":null},{"ExampleRelationshipId":0,"DictionaryId":"4493ee19-25f6-41b5-b158-3356e5b81fb0","ConceptId":"de4c334e-e1ec-4f2c-8208-5bd69d3b5d3b","ExampleId":"23c2a620-6af3-48e5-99be-179552c2a945","ExampleLinkId":"753e1a83-e9ae-11ed-9acb-a44cc8756a37","CreatedDate":"2023-06-30T21:56:00.3383383+07:00","ModifiedDate":null}]}', 'd2a85e00-4fc4-4cc9-845d-4ad90da292d5', 1, '2023-06-30 21:56:00', '2023-06-30 22:56:00', NULL, NULL);

-- 
-- Dumping data for table cache_external_word_api
--
INSERT INTO cache_external_word_api VALUES
(1, 'look after', 'look after', 1, '{"word":"look after","results":[{"definition":"keep under careful scrutiny","partOfSpeech":"verb","typeOf":["look out","watch","watch out"]}],"syllables":{"count":2,"list":["look af","ter"]},"pronunciation":{"all":"lʊk_''æftər"}}', '2023-06-11 15:43:20', NULL),
(2, 'dog', 'dog', 1, '{"word":"dog","results":[{"definition":"a smooth-textured sausage of minced beef or pork usually smoked; often served on a bread roll","partOfSpeech":"noun","synonyms":["frank","frankfurter","hot dog","hotdog","weenie","wiener","wienerwurst"],"typeOf":["sausage"],"hasTypes":["vienna sausage"],"partOf":["hot dog","hotdog","red hot"]},{"definition":"go after with the intent to catch","partOfSpeech":"verb","synonyms":["chase","chase after","give chase","go after","tag","tail","track","trail"],"typeOf":["follow","pursue"],"hasTypes":["hunt","quest","run down","tree","trace","hound"],"examples":["the dog chased the rabbit"]},{"definition":"a hinged catch that fits into a notch of a ratchet to move a wheel forward or prevent it from moving backward","partOfSpeech":"noun","synonyms":["click","detent","pawl"],"typeOf":["stop","catch"],"partOf":["ratch","rachet","ratchet"]},{"definition":"someone who is morally reprehensible","partOfSpeech":"noun","synonyms":["blackguard","bounder","cad","heel","hound"],"typeOf":["villain","scoundrel"],"hasTypes":["perisher"],"examples":["you dirty dog"]},{"definition":"a dull unattractive unpleasant girl or woman","partOfSpeech":"noun","synonyms":["frump"],"typeOf":["disagreeable woman","unpleasant woman"],"examples":["she''s a real dog"]},{"definition":"a member of the genus Canis (probably descended from the common wolf) that has been domesticated by man since prehistoric times; occurs in many breeds","partOfSpeech":"noun","synonyms":["canis familiaris","domestic dog"],"typeOf":["canine","canid","domestic animal","domesticated animal"],"hasTypes":["doggy","barker","basenji","belgian griffon","bow-wow","brussels griffon","carriage dog","coach dog","corgi","cur","dalmatian","doggie","great pyrenees","griffon","hunting dog","lapdog","leonberg","mexican hairless","mongrel","mutt","newfoundland","newfoundland dog","pooch","poodle","poodle dog","pug","pug-dog","puppy","spitz","toy","toy dog","welsh corgi","working dog"],"memberOf":["genus canis","pack","canis"],"hasParts":["flag"],"examples":["the dog barked all night"]},{"definition":"metal supports for logs in a fireplace","partOfSpeech":"noun","synonyms":["andiron","dog-iron","firedog"],"typeOf":["support"]},{"definition":"informal term for a man","partOfSpeech":"noun","typeOf":["blighter","cuss","chap","fella","feller","fellow","gent","lad","bloke"],"examples":["you lucky dog"]}],"syllables":{"count":1,"list":["dog"]},"pronunciation":{"all":"dɔɡ"},"frequency":5.34}', '2023-06-11 16:00:48', NULL),
(3, 'cat', 'cat', 1, '{"word":"cat","results":[{"definition":"a large tracked vehicle that is propelled by two endless metal belts; frequently used for moving earth in construction and farm work","partOfSpeech":"noun","synonyms":["caterpillar"],"typeOf":["tracked vehicle"],"usageOf":["slang"]},{"definition":"feline mammal usually having thick soft fur and no ability to roar: domestic cats; wildcats","partOfSpeech":"noun","synonyms":["true cat"],"typeOf":["feline","felid"],"hasTypes":["domestic cat","felis domesticus","house cat","felis catus","wildcat"]},{"definition":"a whip with nine knotted cords","partOfSpeech":"noun","synonyms":["cat-o''-nine-tails"],"typeOf":["whip"],"examples":["British sailors feared the cat"]},{"definition":"the leaves of the shrub Catha edulis which are chewed like tobacco or used to make tea; has the effect of a euphoric stimulant","partOfSpeech":"noun","synonyms":["african tea","arabian tea","kat","khat","qat","quat"],"typeOf":["stimulant drug","stimulant","excitant"]},{"definition":"a method of examining body organs by scanning them with X rays and using a computer to construct a series of cross-sectional scans along a single axis","partOfSpeech":"noun","synonyms":["computed axial tomography","computed tomography","computerized axial tomography","computerized tomography","ct"],"typeOf":["x-raying","x-radiation"]},{"definition":"an informal term for a youth or man","partOfSpeech":"noun","synonyms":["bozo","guy","hombre","sod"],"typeOf":["man","adult male"]},{"definition":"any of several large cats typically able to roar and living in the wild","partOfSpeech":"noun","synonyms":["big cat"],"typeOf":["felid","feline"],"hasTypes":["tiger","snow leopard","felis onca","sabertooth","saber-toothed tiger","panthera uncia","panthera tigris","jaguar","king of beasts","leopard","liger","lion","panthera pardus","ounce","panthera leo","panther","panthera onca","cheetah","chetah","acinonyx jubatus","tigon","tiglon"],"memberOf":["family felidae","felidae"]},{"definition":"eject the contents of the stomach through the mouth","partOfSpeech":"verb","synonyms":["barf","be sick","cast","chuck","disgorge","honk","puke","purge","regorge","regurgitate","retch","sick","spew","spue","throw up","upchuck","vomit","vomit up"],"typeOf":["pass","eliminate","excrete","egest"]},{"definition":"a spiteful woman gossip","partOfSpeech":"noun","typeOf":["woman","newsmonger","gossipmonger","rumormonger","rumourmonger","gossiper","gossip","adult female"],"derivation":["catty"],"examples":["what a cat she is!"]},{"definition":"beat with a cat-o''-nine-tails","partOfSpeech":"verb","typeOf":["whip","flog","lash","lather","slash","strap","trounce","welt"]}],"syllables":{"count":1,"list":["cat"]},"pronunciation":{"all":"kæt"},"frequency":4.83}', '2023-06-11 16:06:43', NULL),
(4, 'address', 'address', 1, '{"word":"address","results":[{"definition":"put an address on (an envelope)","partOfSpeech":"verb","synonyms":["direct"],"typeOf":["label"],"hasTypes":["re-address","misaddress","instrument","misdirect"],"derivation":["addressee"]},{"definition":"social skill","partOfSpeech":"noun","synonyms":["savoir-faire"],"typeOf":["tactfulness","tact"]},{"definition":"give a speech to","partOfSpeech":"verb","synonyms":["speak"],"entails":["speak","talk"],"hasTypes":["memorialise","keynote","memorialize","harangue","blaze away"],"derivation":["addressee"],"examples":["The chairman addressed the board of trustees"]},{"definition":"written directions for finding some location; written on letters or packages that are to be delivered to that location","partOfSpeech":"noun","synonyms":["destination","name and address"],"typeOf":["direction","instruction"],"hasTypes":["return address"],"hasParts":["postal code","postcode","zip code","zip"],"partOf":["letter","missive"]},{"definition":"speak to someone","partOfSpeech":"verb","synonyms":["accost","come up to"],"typeOf":["come","come up"],"hasTypes":["approach","greet","recognise","recognize"],"derivation":["addressee"]},{"definition":"(computer science) the code that identifies where a piece of information is stored","partOfSpeech":"noun","synonyms":["computer address","reference"],"inCategory":["computing","computer science"],"typeOf":["computer code","code"],"hasTypes":["argument","url","universal resource locator","uniform resource locator","parameter"]},{"definition":"speak to","partOfSpeech":"verb","synonyms":["turn to"],"typeOf":["intercommunicate","communicate"],"hasTypes":["call"],"derivation":["addressee"],"examples":["He addressed the crowd outside the window"]},{"definition":"the act of delivering a formal spoken communication to an audience","partOfSpeech":"noun","synonyms":["speech"],"typeOf":["speech act"],"hasTypes":["lecture","impromptu","inaugural","litany","dithyramb","oratory","discourse","talk","speechmaking","speaking","sermon","public speaking","public lecture","preaching","allocution","colloquium","oral presentation","inaugural address"],"hasInstances":["gettysburg address"],"hasParts":["ending","end","conclusion","close","introduction","closing","body"],"examples":["he listened to an address on minor Roman poets"]},{"definition":"greet, as with a prescribed form, title, or name","partOfSpeech":"verb","synonyms":["call"],"typeOf":["turn to"],"verbGroup":["be known as","name","know as","call"],"examples":["He always addresses me with `Sir''"]},{"definition":"act on verbally or in some form of artistic expression","partOfSpeech":"verb","synonyms":["cover","deal","handle","plow","treat"],"typeOf":["initiate","broach"],"hasTypes":["talk about","theologize","theologise","discuss","discourse"],"verbGroup":["handle","encompass","treat","embrace","do by","comprehend","cover"]},{"definition":"access or locate by address","partOfSpeech":"verb","inCategory":["computer science","computing"],"typeOf":["access"]},{"definition":"address or apply oneself to something, direct one''s efforts towards something, such as a question","partOfSpeech":"verb","typeOf":["employ","use","apply","utilise","utilize"],"derivation":["addressable"]},{"definition":"adjust and aim (a golf ball) at in preparation of hitting","partOfSpeech":"verb","inCategory":["golf game","golf"],"typeOf":["line up","adjust","aline","align"]},{"definition":"a sign in front of a house or business carrying the conventional form by which its location is described","partOfSpeech":"noun","typeOf":["street sign"]},{"definition":"direct a question at someone","partOfSpeech":"verb","typeOf":["place","aim","direct","point","target"],"derivation":["addressee"]},{"definition":"the manner of speaking to another individual","partOfSpeech":"noun","typeOf":["manner of speaking","speech","delivery"],"examples":["he failed in his manner of address to the captain"]},{"definition":"the place where a person or organization can be found or communicated with","partOfSpeech":"noun","typeOf":["geographical point","geographic point"],"hasTypes":["residence","abode","mailing address","business address","street address"]},{"definition":"the stance assumed by a golfer in preparation for hitting a golf ball","partOfSpeech":"noun","inCategory":["golf","golf game"],"typeOf":["stance"]}],"syllables":{"count":2,"list":["ad","dress"]},"pronunciation":{"all":"ə''drɛs","noun":"''ədrɛs","verb":"ə''drɛs"},"frequency":4.76}', '2023-06-11 16:08:05', NULL),
(5, 'free', 'free', 1, '{"word":"free","results":[{"definition":"not taken up by scheduled activities","partOfSpeech":"adjective","synonyms":["spare"],"similarTo":["unoccupied"],"examples":["a free hour between classes"]},{"definition":"part with a possession or right","partOfSpeech":"verb","synonyms":["give up","release","relinquish","resign"],"typeOf":["reach","turn over","pass on","hand","give","pass"],"hasTypes":["sacrifice","derequisition","give"]},{"definition":"not fixed in position","partOfSpeech":"adjective","synonyms":["detached"],"similarTo":["unfixed"],"examples":["he pulled his arm free and ran"]},{"definition":"relieve from","partOfSpeech":"verb","synonyms":["disembarrass","rid"],"hasTypes":["smooth out","smooth","cleanse","clear","disembody","disinfest","relieve"]},{"definition":"free or remove obstruction from","partOfSpeech":"verb","synonyms":["disengage"],"hasTypes":["disencumber","disentangle","unstuff","extricate","loosen up","dig out","unclog","untangle"],"antonyms":["obstruct"],"examples":["free a path across the cluttered floor"]},{"definition":"remove or force out from a position","partOfSpeech":"verb","synonyms":["dislodge"],"typeOf":["remove","take away","withdraw","take"],"examples":["He finally could free the legs of the earthquake victim who was buried in the rubble"]},{"definition":"grant freedom to; free from confinement","partOfSpeech":"verb","synonyms":["liberate","loose","release","unloose","unloosen"],"hasTypes":["unchain","run","bail","bail out","parole","unspell"],"antonyms":["confine"],"derivation":["freeing"]},{"definition":"make (assets) available","partOfSpeech":"verb","synonyms":["release","unblock","unfreeze"],"typeOf":["supply","issue"]},{"definition":"release (gas or energy) as a result of a chemical reaction or physical decomposition","partOfSpeech":"verb","synonyms":["liberate","release"],"inCategory":["chemistry","chemical science"],"typeOf":["bring forth","generate"]},{"definition":"free from obligations or duties","partOfSpeech":"verb","synonyms":["discharge"],"hasTypes":["divest","set free","disinvolve","relieve","liberate","cashier","take over","clear","cut","disembroil","disentangle","disinvest"],"derivation":["freeing"]},{"definition":"make (information) available for publication","partOfSpeech":"verb","synonyms":["release"],"typeOf":["issue","supply"],"hasTypes":["declassify"]},{"definition":"completely wanting or lacking","partOfSpeech":"adjective","synonyms":["barren","destitute","devoid","innocent"],"similarTo":["nonexistent"]},{"definition":"people who are free","partOfSpeech":"noun","synonyms":["free people"],"typeOf":["people"],"examples":["the home of the free and the brave"]},{"definition":"not literal","partOfSpeech":"adjective","synonyms":["liberal","loose"],"similarTo":["inexact"],"examples":["a free translation of the poem"]},{"definition":"without restraint","partOfSpeech":"adverb","synonyms":["loose"]},{"definition":"costing nothing","partOfSpeech":"adjective","synonyms":["complimentary","costless","gratis","gratuitous"],"similarTo":["unpaid"],"examples":["free admission"]},{"definition":"grant relief or an exemption from a rule or requirement to","partOfSpeech":"verb","synonyms":["exempt","relieve"],"hasTypes":["derestrict","deregulate","dispense","forgive","spare"]},{"definition":"let off the hook","partOfSpeech":"verb","synonyms":["absolve"],"typeOf":["forgive"],"hasTypes":["exempt","wash one''s hands","justify","let off","excuse","relieve"]},{"definition":"not held in servitude","partOfSpeech":"adjective","similarTo":["free-soil","slaveless","freeborn","non-slave"],"antonyms":["unfree"],"examples":["after the Civil War he was a free man"]},{"definition":"not limited or hampered; not under compulsion or restraint","partOfSpeech":"adjective","also":["unbound","independent","unconfined","unrestrained","unrestricted"],"attribute":["freedom"],"similarTo":["loose","aweigh","clear","emancipated","escaped","footloose","uncommitted","sovereign","self-governing","out-of-school","independent","on the loose","liberated","unimprisoned","unhampered","unconstrained","unconfined","unrestricted","at large","atrip","autonomous","available"],"antonyms":["unfree"],"examples":["free enterprise","a free port","a free country","I have an hour free","free will","free of racism","feel free to stay as long as you wish","a free choice"]},{"definition":"not occupied or in use","partOfSpeech":"adjective","similarTo":["unoccupied"],"examples":["a free locker","a free lane"]},{"definition":"unconstrained or not chemically bound in a molecule or not fixed and capable of relatively unrestricted motion","partOfSpeech":"adjective","inCategory":["natural philosophy","chemistry","chemical science","physics"],"similarTo":["unbound","liberated"],"antonyms":["bound"],"examples":["free expansion","free oxygen","a free electron"]}],"syllables":{"count":1,"list":["free"]},"pronunciation":{"all":"fri"},"frequency":5.3}', '2023-06-11 16:17:53', NULL),
(6, 'freedom', 'freedom', 1, '{"word":"freedom","results":[{"definition":"immunity from an obligation or duty","partOfSpeech":"noun","synonyms":["exemption"],"typeOf":["unsusceptibility","immunity"],"hasTypes":["grandfather clause","diplomatic immunity","impunity","indemnity","amnesty"]},{"definition":"the condition of being free; the power to act or speak or think without externally imposed restraints","partOfSpeech":"noun","attribute":["unfree","free"],"typeOf":["state"],"hasTypes":["free hand","enfranchisement","civil liberty","independence","independency","liberty","play","political liberty","svoboda","blank check","academic freedom","free rein","freedom of the seas"]}],"syllables":{"count":2,"list":["free","dom"]},"pronunciation":{"all":"''fridəm"},"frequency":4.67}', '2023-06-11 16:18:13', NULL),
(22, 'come up with', 'come up with', 2, '{"pronunciation":{"us":null,"uk":null,"other":"https://api.dictionaryapi.dev/media/pronunciations/en/come%20up%20with-au.mp3"},"content":[{"word":"come up with","phonetics":[{"audio":"https://api.dictionaryapi.dev/media/pronunciations/en/come%20up%20with-au.mp3","sourceUrl":"https://commons.wikimedia.org/w/index.php?curid=75968392","license":{"name":"BY-SA 4.0","url":"https://creativecommons.org/licenses/by-sa/4.0"}}],"meanings":[{"partOfSpeech":"verb","definitions":[{"definition":"To invent, create, or think of.","synonyms":[],"antonyms":[],"example":"How can you come up with such brilliant ideas?"},{"definition":"To reach or overtake.","synonyms":[],"antonyms":[]}],"synonyms":[],"antonyms":[]}],"license":{"name":"CC BY-SA 3.0","url":"https://creativecommons.org/licenses/by-sa/3.0"},"sourceUrls":["https://en.wiktionary.org/wiki/come%20up%20with"]}]}', '2023-06-11 18:00:20', NULL),
(23, 'give up', 'give up', 2, '{"pronunciation":{"us":null,"uk":null,"other":null},"content":[{"word":"give up","phonetics":[],"meanings":[{"partOfSpeech":"verb","definitions":[{"definition":"To surrender (someone or something)","synonyms":["surrender","yield"],"antonyms":[],"example":"He was surrounded, so gave himself up."},{"definition":"To stop or quit (an activity, etc.)","synonyms":["blin","cease","discontinue"],"antonyms":[],"example":"They gave up the search when it got dark."},{"definition":"To relinquish (something)","synonyms":["forlend","surrender","yield"],"antonyms":[],"example":"He gave up his seat to an old man."},{"definition":"To lose hope concerning (someone or something)","synonyms":[],"antonyms":[],"example":"They gave him up for dead."},{"definition":"To abandon (someone or something)","synonyms":["desert","forlet","forsake"],"antonyms":[],"example":"I gave up my faith years ago."},{"definition":"To admit defeat, capitulate","synonyms":["capitulate","surrender","wave the white flag"],"antonyms":[],"example":"OK, I give up, you win."},{"definition":"Become fully took over by a certain quality, activity, trait, &c.","synonyms":[],"antonyms":[]}],"synonyms":["blin","cease","discontinue","capitulate","surrender","wave the white flag","desert","forlet","forsake","forlend","surrender","yield","surrender","yield"],"antonyms":[]}],"license":{"name":"CC BY-SA 3.0","url":"https://creativecommons.org/licenses/by-sa/3.0"},"sourceUrls":["https://en.wiktionary.org/wiki/give%20up"]}]}', '2023-06-11 23:54:34', NULL),
(24, 'look forward to', 'look forward to', 2, '{"pronunciation":{"us":null,"uk":null,"other":"https://api.dictionaryapi.dev/media/pronunciations/en/look%20forward%20to-au.mp3"},"content":[{"word":"look forward to","phonetics":[{"audio":"https://api.dictionaryapi.dev/media/pronunciations/en/look%20forward%20to-au.mp3","sourceUrl":"https://commons.wikimedia.org/w/index.php?curid=79048941","license":{"name":"BY-SA 4.0","url":"https://creativecommons.org/licenses/by-sa/4.0"}}],"meanings":[{"partOfSpeech":"verb","definitions":[{"definition":"To anticipate, expect, or wait for, especially with a feeling of approval or pleasure. To be excited or eager to.","synonyms":[],"antonyms":[]}],"synonyms":[],"antonyms":[]}],"license":{"name":"CC BY-SA 3.0","url":"https://creativecommons.org/licenses/by-sa/3.0"},"sourceUrls":["https://en.wiktionary.org/wiki/look%20forward%20to"]}]}', '2023-06-11 23:55:02', NULL),
(25, 'make sense', 'make sense', 2, '{"pronunciation":{"us":null,"uk":null,"other":"https://api.dictionaryapi.dev/media/pronunciations/en/make%20sense-au.mp3"},"content":[{"word":"make sense","phonetics":[{"audio":"https://api.dictionaryapi.dev/media/pronunciations/en/make%20sense-au.mp3","sourceUrl":"https://commons.wikimedia.org/w/index.php?curid=79049102","license":{"name":"BY-SA 4.0","url":"https://creativecommons.org/licenses/by-sa/4.0"}}],"meanings":[{"partOfSpeech":"verb","definitions":[{"definition":"To be sensible, coherent, reasonable.","synonyms":[],"antonyms":[],"example":"Somehow the combination didn’t make sense, but Cranston took it at face value, whatever that was worth."},{"definition":"(with of) To decipher or understand.","synonyms":[],"antonyms":[],"example":"Can you make sense of her handwriting?"}],"synonyms":["add up","make head or tail of"],"antonyms":[]}],"license":{"name":"CC BY-SA 3.0","url":"https://creativecommons.org/licenses/by-sa/3.0"},"sourceUrls":["https://en.wiktionary.org/wiki/make%20sense"]}]}', '2023-06-11 23:55:52', NULL),
(26, 'happy', 'happy', 2, '{"pronunciation":{"us":"https://api.dictionaryapi.dev/media/pronunciations/en/happy-us.mp3","uk":"https://api.dictionaryapi.dev/media/pronunciations/en/happy-uk.mp3","other":"https://api.dictionaryapi.dev/media/pronunciations/en/happy-au.mp3"},"content":[{"word":"happy","phonetics":[{"audio":"https://api.dictionaryapi.dev/media/pronunciations/en/happy-au.mp3","sourceUrl":"https://commons.wikimedia.org/w/index.php?curid=75797241","license":{"name":"BY-SA 4.0","url":"https://creativecommons.org/licenses/by-sa/4.0"}},{"text":"/ˈhæpiː/","audio":"https://api.dictionaryapi.dev/media/pronunciations/en/happy-uk.mp3","sourceUrl":"https://commons.wikimedia.org/w/index.php?curid=9021973","license":{"name":"BY 3.0 US","url":"https://creativecommons.org/licenses/by/3.0/us"}},{"text":"/ˈhæpi/","audio":"https://api.dictionaryapi.dev/media/pronunciations/en/happy-us.mp3","sourceUrl":"https://commons.wikimedia.org/w/index.php?curid=545617","license":{"name":"BY-SA 3.0","url":"https://creativecommons.org/licenses/by-sa/3.0"}}],"meanings":[{"partOfSpeech":"noun","definitions":[{"definition":"A happy event, thing, person, etc.","synonyms":[],"antonyms":[]}],"synonyms":[],"antonyms":[]},{"partOfSpeech":"noun","definitions":[{"definition":"Preceded by the: happy people as a group.","synonyms":[],"antonyms":[]}],"synonyms":[],"antonyms":[]},{"partOfSpeech":"verb","definitions":[{"definition":"Often followed by up: to become happy; to brighten up, to cheer up.","synonyms":[],"antonyms":[]},{"definition":"Often followed by up: to make happy; to brighten, to cheer, to enliven.","synonyms":[],"antonyms":[]}],"synonyms":["happify"],"antonyms":[]},{"partOfSpeech":"adjective","definitions":[{"definition":"Having a feeling arising from a consciousness of well-being or of enjoyment; enjoying good of any kind, such as comfort, peace, or tranquillity; blissful, contented, joyous.","synonyms":[],"antonyms":[],"example":"Music makes me feel happy."},{"definition":"Experiencing the effect of favourable fortune; favored by fortune or luck; fortunate, lucky, propitious.","synonyms":[],"antonyms":[]},{"definition":"Content, satisfied (with or to do something); having no objection (to something).","synonyms":[],"antonyms":[],"example":"Are you happy to pay me back by the end of the week?"},{"definition":"(Of acts, speech, etc.) Appropriate, apt, felicitous.","synonyms":[],"antonyms":[],"example":"a happy coincidence"},{"definition":"(in combination) Favoring or inclined to use.","synonyms":[],"antonyms":[],"example":"slaphappy, trigger-happy"},{"definition":"(of people, often followed by \\"at\\" or \\"in\\") Dexterous, ready, skilful.","synonyms":[],"antonyms":[]}],"synonyms":["cheerful","content","delighted","elated","exultant","glad","joyful","jubilant","merry","orgasmic","fortunate","lucky","propitious"],"antonyms":["inappropriate","inapt","unfelicitous","disenchanted","dissatisfied","blue","depressed","down","miserable","moody","morose","sad","unhappy","unfortunate","unlucky","unpropitious"]}],"license":{"name":"CC BY-SA 3.0","url":"https://creativecommons.org/licenses/by-sa/3.0"},"sourceUrls":["https://en.wiktionary.org/wiki/happy"]}]}', '2023-06-11 23:56:10', NULL),
(27, 'sad', 'sad', 2, '{"pronunciation":{"us":"https://api.dictionaryapi.dev/media/pronunciations/en/sad-1-us.mp3","uk":null,"other":null},"content":[{"word":"sad","phonetic":"/sæd/","phonetics":[{"text":"/sæd/","audio":"https://api.dictionaryapi.dev/media/pronunciations/en/sad-1-us.mp3","sourceUrl":"https://commons.wikimedia.org/w/index.php?curid=1157595","license":{"name":"BY-SA 3.0","url":"https://creativecommons.org/licenses/by-sa/3.0"}}],"meanings":[{"partOfSpeech":"verb","definitions":[{"definition":"To make melancholy; to sadden or grieve (someone).","synonyms":[],"antonyms":[]}],"synonyms":[],"antonyms":[]},{"partOfSpeech":"adjective","definitions":[{"definition":"(heading) Emotionally negative.","synonyms":[],"antonyms":[]},{"definition":"Sated, having had one''s fill; satisfied, weary.","synonyms":[],"antonyms":[]},{"definition":"Steadfast, valiant.","synonyms":[],"antonyms":[]},{"definition":"Dignified, serious, grave.","synonyms":[],"antonyms":[]},{"definition":"Naughty; troublesome; wicked.","synonyms":[],"antonyms":[]},{"definition":"Unfashionable; socially inadequate or undesirable.","synonyms":[],"antonyms":[],"example":"I can''t believe you use drugs; you''re so sad!"},{"definition":"Soggy (to refer to pastries).","synonyms":[],"antonyms":[]},{"definition":"Heavy; weighty; ponderous; close; hard.","synonyms":[],"antonyms":[],"example":"sad bread"}],"synonyms":["lamentable","discomforted","distressed","uncomfortable","unhappy","depressed","down in the dumps","glum","melancholy","poignant","touching","pitiful","sorry"],"antonyms":["cheerful","decent","gleeful","upbeat","happy"]}],"license":{"name":"CC BY-SA 3.0","url":"https://creativecommons.org/licenses/by-sa/3.0"},"sourceUrls":["https://en.wiktionary.org/wiki/sad"]},{"word":"sad","phonetics":[],"meanings":[{"partOfSpeech":"noun","definitions":[{"definition":"The letter ص in the Arabic script.","synonyms":[],"antonyms":[]}],"synonyms":[],"antonyms":[]}],"license":{"name":"CC BY-SA 3.0","url":"https://creativecommons.org/licenses/by-sa/3.0"},"sourceUrls":["https://en.wiktionary.org/wiki/saad","https://en.wiktionary.org/wiki/sad"]}]}', '2023-06-11 23:56:21', NULL),
(28, 'blue', 'blue', 2, '{"pronunciation":{"us":"https://api.dictionaryapi.dev/media/pronunciations/en/blue-us.mp3","uk":"https://api.dictionaryapi.dev/media/pronunciations/en/blue-uk.mp3","other":"https://api.dictionaryapi.dev/media/pronunciations/en/blue-au.mp3"},"content":[{"word":"blue","phonetic":"/bluː/","phonetics":[{"text":"/bluː/","audio":"https://api.dictionaryapi.dev/media/pronunciations/en/blue-au.mp3","sourceUrl":"https://commons.wikimedia.org/w/index.php?curid=75268085","license":{"name":"BY-SA 4.0","url":"https://creativecommons.org/licenses/by-sa/4.0"}},{"text":"/bluː/","audio":"https://api.dictionaryapi.dev/media/pronunciations/en/blue-uk.mp3","sourceUrl":"https://commons.wikimedia.org/w/index.php?curid=9014288","license":{"name":"BY 3.0 US","url":"https://creativecommons.org/licenses/by/3.0/us"}},{"text":"/blu/","audio":"https://api.dictionaryapi.dev/media/pronunciations/en/blue-us.mp3","sourceUrl":"https://commons.wikimedia.org/w/index.php?curid=839240","license":{"name":"BY-SA 3.0","url":"https://creativecommons.org/licenses/by-sa/3.0"}},{"text":"/blɪʊ̯/","audio":""}],"meanings":[{"partOfSpeech":"noun","definitions":[{"definition":"The colour of the clear sky or the deep sea, between green and violet in the visible spectrum, and one of the primary additive colours for transmitted light; the colour obtained by subtracting red and green from white light using magenta and cyan filters; or any colour resembling this.","synonyms":[],"antonyms":[]},{"definition":"A blue dye or pigment.","synonyms":[],"antonyms":[]},{"definition":"Any of several processes to protect metal against rust.","synonyms":[],"antonyms":[]},{"definition":"Blue clothing","synonyms":[],"antonyms":[],"example":"The boys in blue marched to the pipers."},{"definition":"(in the plural) A blue uniform. See blues.","synonyms":[],"antonyms":[]},{"definition":"A member of law enforcement","synonyms":[],"antonyms":[]},{"definition":"The sky, literally or figuratively.","synonyms":[],"antonyms":[],"example":"His request for leave came out of the blue."},{"definition":"The ocean; deep waters.","synonyms":[],"antonyms":[]},{"definition":"The far distance; a remote or distant place.","synonyms":[],"antonyms":[]},{"definition":"Anything blue, especially to distinguish it from similar objects differing only in color.","synonyms":[],"antonyms":[]},{"definition":"A dog or cat with a slaty gray coat.","synonyms":[],"antonyms":[]},{"definition":"One of the colour balls used in snooker, with a value of five points.","synonyms":[],"antonyms":[]},{"definition":"Any of the butterflies of the subfamily Polyommatinae in the family Lycaenidae, most of which have blue on their wings.","synonyms":[],"antonyms":[]},{"definition":"A bluefish.","synonyms":[],"antonyms":[]},{"definition":"An argument.","synonyms":[],"antonyms":[]},{"definition":"A liquid with an intense blue colour, added to a laundry wash to prevent yellowing of white clothes.","synonyms":[],"antonyms":[]},{"definition":"A type of firecracker.","synonyms":[],"antonyms":[]},{"definition":"A bluestocking.","synonyms":[],"antonyms":[]},{"definition":"One of the three color charges for quarks.","synonyms":[],"antonyms":[]}],"synonyms":[],"antonyms":[]},{"partOfSpeech":"verb","definitions":[{"definition":"To make or become blue.","synonyms":[],"antonyms":[]},{"definition":"To treat the surface of steel so that it is passivated chemically and becomes more resistant to rust.","synonyms":[],"antonyms":[]},{"definition":"(laundry) To brighten by treating with blue (laundry aid)","synonyms":[],"antonyms":[]},{"definition":"To spend (money) extravagantly; to blow.","synonyms":[],"antonyms":[]}],"synonyms":[],"antonyms":[]},{"partOfSpeech":"adjective","definitions":[{"definition":"Of the colour blue.","synonyms":[],"antonyms":[],"example":"the deep blue sea"},{"definition":"Depressed, melancholic, sad.","synonyms":[],"antonyms":[]},{"definition":"Pale, without redness or glare; said of a flame.","synonyms":[],"antonyms":[],"example":"The candle burns blue."},{"definition":"Supportive of, run by (a member of), pertaining to, or dominated by a political party represented by the colour blue.","synonyms":[],"antonyms":[]},{"definition":"Of the higher-frequency region of the part of the electromagnetic spectrum which is relevant in the specific observation.","synonyms":[],"antonyms":[]},{"definition":"(of steak) Extra rare; left very raw and cold.","synonyms":[],"antonyms":[]},{"definition":"(of a dog or cat) Having a coat of fur of a slaty gray shade.","synonyms":[],"antonyms":[]},{"definition":"Severe or overly strict in morals; gloomy.","synonyms":[],"antonyms":[],"example":"blue and sour religionists;  blue laws"},{"definition":"(of women) literary; bluestockinged.","synonyms":[],"antonyms":[]},{"definition":"Having a color charge of blue.","synonyms":[],"antonyms":[]},{"definition":"(entertainment) Risque or obscene","synonyms":[],"antonyms":[],"example":"His material is too blue for prime-time"}],"synonyms":[],"antonyms":["nonblue","unblue","antiblue"]}],"license":{"name":"CC BY-SA 3.0","url":"https://creativecommons.org/licenses/by-sa/3.0"},"sourceUrls":["https://en.wiktionary.org/wiki/blue"]},{"word":"blue","phonetic":"/bluː/","phonetics":[{"text":"/bluː/","audio":"https://api.dictionaryapi.dev/media/pronunciations/en/blue-au.mp3","sourceUrl":"https://commons.wikimedia.org/w/index.php?curid=75268085","license":{"name":"BY-SA 4.0","url":"https://creativecommons.org/licenses/by-sa/4.0"}},{"text":"/bluː/","audio":"https://api.dictionaryapi.dev/media/pronunciations/en/blue-uk.mp3","sourceUrl":"https://commons.wikimedia.org/w/index.php?curid=9014288","license":{"name":"BY 3.0 US","url":"https://creativecommons.org/licenses/by/3.0/us"}},{"text":"/blu/","audio":"https://api.dictionaryapi.dev/media/pronunciations/en/blue-us.mp3","sourceUrl":"https://commons.wikimedia.org/w/index.php?curid=839240","license":{"name":"BY-SA 3.0","url":"https://creativecommons.org/licenses/by-sa/3.0"}},{"text":"/blɪʊ̯/","audio":""}],"meanings":[{"partOfSpeech":"adjective","definitions":[{"definition":"(entertainment) Pornographic or profane.","synonyms":[],"antonyms":[],"example":"The air was blue with oaths."}],"synonyms":["X-rated","adult"],"antonyms":[]}],"license":{"name":"CC BY-SA 3.0","url":"https://creativecommons.org/licenses/by-sa/3.0"},"sourceUrls":["https://en.wiktionary.org/wiki/blue"]}]}', '2023-06-11 23:57:08', NULL),
(29, 'green', 'green', 2, '{"pronunciation":{"us":"https://api.dictionaryapi.dev/media/pronunciations/en/green-us.mp3","uk":"https://api.dictionaryapi.dev/media/pronunciations/en/green-uk.mp3","other":"https://api.dictionaryapi.dev/media/pronunciations/en/green-au.mp3"},"content":[{"word":"green","phonetic":"/ɡɹiːn/","phonetics":[{"text":"/ɡɹiːn/","audio":"https://api.dictionaryapi.dev/media/pronunciations/en/green-au.mp3","sourceUrl":"https://commons.wikimedia.org/w/index.php?curid=75899588","license":{"name":"BY-SA 4.0","url":"https://creativecommons.org/licenses/by-sa/4.0"}},{"text":"/ɡɹin/","audio":""},{"text":"/ɡɹiːn/","audio":"https://api.dictionaryapi.dev/media/pronunciations/en/green-uk.mp3","sourceUrl":"https://commons.wikimedia.org/w/index.php?curid=9021890","license":{"name":"BY 3.0 US","url":"https://creativecommons.org/licenses/by/3.0/us"}},{"text":"/ɡɹin/","audio":"https://api.dictionaryapi.dev/media/pronunciations/en/green-us.mp3","sourceUrl":"https://commons.wikimedia.org/w/index.php?curid=862131","license":{"name":"BY-SA 3.0","url":"https://creativecommons.org/licenses/by-sa/3.0"}}],"meanings":[{"partOfSpeech":"adjective","definitions":[{"definition":"Having green as its color.","synonyms":[],"antonyms":[],"example":"The former flag of Libya is fully green."},{"definition":"(of people) Sickly, unwell.","synonyms":[],"antonyms":[],"example":"Sally looks pretty green — is she going to be sick?"},{"definition":"Unripe, said of certain fruits that change color when they ripen.","synonyms":[],"antonyms":[]},{"definition":"(of people) Inexperienced.","synonyms":[],"antonyms":[],"example":"John''s kind of green, so take it easy on him this first week."},{"definition":"(of people) Naive or unaware of obvious facts.","synonyms":[],"antonyms":[]},{"definition":"(of people) Overcome with envy.","synonyms":[],"antonyms":[],"example":"He was green with envy."},{"definition":"Environmentally friendly.","synonyms":[],"antonyms":[]},{"definition":"Describing a pitch which, even if there is no visible grass, still contains a significant amount of moisture.","synonyms":[],"antonyms":[]},{"definition":"Of bacon or similar smallgoods: unprocessed, raw, unsmoked; not smoked or spiced.","synonyms":[],"antonyms":[]},{"definition":"Not fully roasted; half raw.","synonyms":[],"antonyms":[]},{"definition":"Of freshly cut wood or lumber that has not been dried: containing moisture and therefore relatively more flexible or springy.","synonyms":[],"antonyms":[],"example":"That timber is still too green to be used."},{"definition":"High or too high in acidity.","synonyms":[],"antonyms":[]},{"definition":"Full of life and vigour; fresh and vigorous; new; recent.","synonyms":[],"antonyms":[],"example":"a green manhood;   a green wound"},{"definition":"Having a sexual connotation.","synonyms":[],"antonyms":[]},{"definition":"Having a color charge of green.","synonyms":[],"antonyms":[]},{"definition":"Being or relating to the green currencies of the European Union.","synonyms":[],"antonyms":[],"example":"the green pound; the green lira"}],"synonyms":["verdant","vert","raw","unprocessed","unsmoked","tart"],"antonyms":["nongreen","ungreen","antigreen","processed","smoked","spiced","ripe","cloy","sweet"]}],"license":{"name":"CC BY-SA 3.0","url":"https://creativecommons.org/licenses/by-sa/3.0"},"sourceUrls":["https://en.wiktionary.org/wiki/green"]},{"word":"green","phonetic":"/ɡɹiːn/","phonetics":[{"text":"/ɡɹiːn/","audio":"https://api.dictionaryapi.dev/media/pronunciations/en/green-au.mp3","sourceUrl":"https://commons.wikimedia.org/w/index.php?curid=75899588","license":{"name":"BY-SA 4.0","url":"https://creativecommons.org/licenses/by-sa/4.0"}},{"text":"/ɡɹin/","audio":""},{"text":"/ɡɹiːn/","audio":"https://api.dictionaryapi.dev/media/pronunciations/en/green-uk.mp3","sourceUrl":"https://commons.wikimedia.org/w/index.php?curid=9021890","license":{"name":"BY 3.0 US","url":"https://creativecommons.org/licenses/by/3.0/us"}},{"text":"/ɡɹin/","audio":"https://api.dictionaryapi.dev/media/pronunciations/en/green-us.mp3","sourceUrl":"https://commons.wikimedia.org/w/index.php?curid=862131","license":{"name":"BY-SA 3.0","url":"https://creativecommons.org/licenses/by-sa/3.0"}}],"meanings":[{"partOfSpeech":"noun","definitions":[{"definition":"The colour of growing foliage, as well as other plant cells containing chlorophyll; the colour between yellow and blue in the visible spectrum; one of the primary additive colour for transmitted light; the colour obtained by subtracting red and blue from white light using cyan and yellow filters.","synonyms":[],"antonyms":[]},{"definition":"(sometimes capitalised) A member of a green party; an environmentalist.","synonyms":[],"antonyms":[]},{"definition":"A putting green, the part of a golf course near the hole.","synonyms":[],"antonyms":[]},{"definition":"(bowls) The surface upon which bowls is played.","synonyms":[],"antonyms":[]},{"definition":"One of the colour balls used in snooker, with a value of 3 points.","synonyms":[],"antonyms":[]},{"definition":"A public patch of land in the middle of a settlement.","synonyms":[],"antonyms":[]},{"definition":"A grassy plain; a piece of ground covered with verdant herbage.","synonyms":[],"antonyms":[]},{"definition":"(chiefly in plural) Fresh leaves or branches of trees or other plants; wreaths.","synonyms":[],"antonyms":[]},{"definition":"Any substance or pigment of a green colour.","synonyms":[],"antonyms":[]},{"definition":"Marijuana.","synonyms":[],"antonyms":[]},{"definition":"Money.","synonyms":[],"antonyms":[]},{"definition":"One of the three color charges for quarks.","synonyms":[],"antonyms":[]}],"synonyms":["environmentalist","greenie","tree hugger","treehugger","veg","putting green","bowling green"],"antonyms":[]}],"license":{"name":"CC BY-SA 3.0","url":"https://creativecommons.org/licenses/by-sa/3.0"},"sourceUrls":["https://en.wiktionary.org/wiki/green"]},{"word":"green","phonetic":"/ɡɹiːn/","phonetics":[{"text":"/ɡɹiːn/","audio":"https://api.dictionaryapi.dev/media/pronunciations/en/green-au.mp3","sourceUrl":"https://commons.wikimedia.org/w/index.php?curid=75899588","license":{"name":"BY-SA 4.0","url":"https://creativecommons.org/licenses/by-sa/4.0"}},{"text":"/ɡɹin/","audio":""},{"text":"/ɡɹiːn/","audio":"https://api.dictionaryapi.dev/media/pronunciations/en/green-uk.mp3","sourceUrl":"https://commons.wikimedia.org/w/index.php?curid=9021890","license":{"name":"BY 3.0 US","url":"https://creativecommons.org/licenses/by/3.0/us"}},{"text":"/ɡɹin/","audio":"https://api.dictionaryapi.dev/media/pronunciations/en/green-us.mp3","sourceUrl":"https://commons.wikimedia.org/w/index.php?curid=862131","license":{"name":"BY-SA 3.0","url":"https://creativecommons.org/licenses/by-sa/3.0"}}],"meanings":[{"partOfSpeech":"verb","definitions":[{"definition":"To make (something) green, to turn (something) green.","synonyms":[],"antonyms":[]},{"definition":"To become or grow green in colour.","synonyms":[],"antonyms":[]},{"definition":"To add greenspaces to (a town, etc.).","synonyms":[],"antonyms":[]},{"definition":"To become environmentally aware.","synonyms":[],"antonyms":[]},{"definition":"To make (something) environmentally friendly.","synonyms":[],"antonyms":[]}],"synonyms":["engreen"],"antonyms":[]}],"license":{"name":"CC BY-SA 3.0","url":"https://creativecommons.org/licenses/by-sa/3.0"},"sourceUrls":["https://en.wiktionary.org/wiki/green"]}]}', '2023-06-11 23:58:37', NULL),
(30, 'green', 'green', 1, '{"word":"green","results":[{"definition":"an area of closely cropped grass surrounding the hole on a golf course","partOfSpeech":"noun","synonyms":["putting green","putting surface"],"typeOf":["land site","site"],"partOf":["golf course","links course"],"examples":["the ball rolled across the green and into the bunker"]},{"definition":"a piece of open land for recreational use in an urban area","partOfSpeech":"noun","synonyms":["common","commons","park"],"typeOf":["parcel","piece of land","piece of ground","parcel of land","tract"],"hasTypes":["amusement park","funfair","pleasure ground","village green"],"hasInstances":["central park"],"partOf":["urban area","populated area"]},{"definition":"of the color between blue and yellow in the color spectrum; similar to the color of fresh grass","partOfSpeech":"adjective","synonyms":["dark-green","greenish","light-green"],"similarTo":["chromatic"],"derivation":["greenness"],"examples":["a green tree","green fields","green paint"]},{"definition":"United States labor leader who was president of the American Federation of Labor from 1924 to 1952 and who led the struggle with the Congress of Industrial Organizations (1873-1952)","partOfSpeech":"noun","synonyms":["william green"],"instanceOf":["labor leader"]},{"definition":"any of various leafy plants or their leaves and stems eaten as vegetables","partOfSpeech":"noun","synonyms":["greens","leafy vegetable"],"typeOf":["veg","veggie","vegetable"],"hasTypes":["chop-suey greens","swiss chard","sprout","common sorrel","salad green","pigweed","lamb''s-quarter","beet green","turnip greens","dandelion green","spinach beet","spinach","french sorrel","wild spinach","leaf beet","chard","sorrel","salad greens"]},{"definition":"street names for ketamine","partOfSpeech":"noun","synonyms":["cat valium","honey oil","jet","k","special k","super acid","super c"],"typeOf":["ketamine","ketamine hydrochloride","ketalar"]},{"definition":"green color or pigment; resembling the color of growing grass","partOfSpeech":"noun","synonyms":["greenness","viridity"],"typeOf":["spectral colour","chromatic colour","chromatic color","spectral color"],"hasTypes":["olive-green","paris green","pea green","sage green","jade green","sea green","jade","greenishness","emerald","chrome green","teal","chartreuse","bottle green","bluish green","blue green","yellow green","yellowish green","olive green"]},{"definition":"a river that rises in western Wyoming and flows southward through Utah to become a tributary of the Colorado River","partOfSpeech":"noun","synonyms":["green river"],"instanceOf":["river"],"partOf":["ut","ut.","utah","equality state","mormon state","beehive state","wyoming","wyo.","wy"]},{"definition":"naive and easily deceived or tricked","partOfSpeech":"adjective","synonyms":["fleeceable","gullible"],"similarTo":["naive","naif"]},{"definition":"not fully developed or mature; not ripe","partOfSpeech":"adjective","synonyms":["immature","unripe","unripened"],"similarTo":["unaged"],"antonyms":["ripe"],"derivation":["greenness"],"examples":["fried green tomatoes","green wood"]},{"definition":"an environmentalist who belongs to the Green Party","partOfSpeech":"noun","typeOf":["environmentalist","conservationist"],"memberOf":["green party"]},{"definition":"looking pale and unhealthy","partOfSpeech":"adjective","similarTo":["ill","sick"],"examples":["you''re looking green","green around the gills"]},{"definition":"turn or become green","partOfSpeech":"verb","typeOf":["discolor","colour","color","discolour"],"derivation":["greenery","greening"],"examples":["The trees are greening"]},{"definition":"concerned with or supporting or in conformity with the political principles of the Green Party","partOfSpeech":null,"pertainsTo":["green party"]}],"syllables":{"count":1,"list":["green"]},"pronunciation":{"all":"grin"},"frequency":4.84}', '2023-06-11 23:59:55', NULL),
(31, 'immature', 'immature', 1, '{"word":"immature","results":[{"definition":"(of birds) not yet having developed feathers","partOfSpeech":"adjective","synonyms":["unfledged"],"similarTo":["unfeathered"]},{"definition":"(used of living things especially persons) in an early period of life or development or growth","partOfSpeech":"adjective","synonyms":["young"],"also":["new","junior"],"attribute":["age"],"inCategory":["living thing","animate thing"],"similarTo":["one-year-old","preadolescent","boyish","vernal","preteen","young","adolescent","youngish","puppyish","puppylike","schoolboyish","schoolgirlish","small","teen","teenage","teenaged","tender","three-year-old","five-year-old","four-year-old","girlish","early","two-year-old","infantile","childly","childlike","junior","boylike","youthful","little","newborn"],"derivation":["immatureness"]},{"definition":"not fully developed or mature; not ripe","partOfSpeech":"adjective","synonyms":["green","unripe","unripened"],"similarTo":["unaged"],"derivation":["immatureness","immaturity"]},{"definition":"characteristic of a lack of maturity","partOfSpeech":"adjective","similarTo":["jejune","puerile","adolescent","babyish","juvenile","childish","infantile"],"antonyms":["mature"],"derivation":["immaturity","immatureness"],"examples":["immature behavior"]},{"definition":"not yet mature","partOfSpeech":"adjective","also":["young","premature"],"attribute":["matureness","maturity","age"],"similarTo":["embryologic","adolescent","embryonal","embryonic","inceptive","inchoative","larval","prepubertal","prepubescent","prepupal","pubescent","pupal","underdeveloped"],"antonyms":["mature"],"derivation":["immaturity","immatureness"]}],"syllables":{"count":3,"list":["im","ma","ture"]},"pronunciation":{"all":"''ɪmə''tʊr"},"frequency":3.52}', '2023-06-12 00:01:42', NULL),
(32, 'fallen', 'fallen', 1, '{"word":"fallen","results":[{"definition":"having dropped by the force of gravity","partOfSpeech":"adjective","similarTo":["down"],"examples":["fallen leaves covered the forest floor","sat on a fallen tree trunk"]},{"definition":"having fallen in or collapsed","partOfSpeech":"adjective","similarTo":["destroyed"],"examples":["a fallen building"]},{"definition":"having lost your chastity","partOfSpeech":"adjective","similarTo":["unchaste"],"examples":["a fallen woman"]},{"definition":"killed in battle","partOfSpeech":"adjective","similarTo":["dead"],"examples":["to honor fallen soldiers"]}],"syllables":{"count":2,"list":["fall","en"]},"pronunciation":{"all":"''fɔlən"},"frequency":4.45}', '2023-06-12 00:02:25', NULL),
(33, 'fallen', 'fallen', 2, '{"pronunciation":{"us":"https://api.dictionaryapi.dev/media/pronunciations/en/fallen-us.mp3","uk":null,"other":null},"content":[{"word":"fallen","phonetic":"/ˈfɔːlən/","phonetics":[{"text":"/ˈfɔːlən/","audio":""},{"text":"/ˈfɔlən/","audio":"https://api.dictionaryapi.dev/media/pronunciations/en/fallen-us.mp3","sourceUrl":"https://commons.wikimedia.org/w/index.php?curid=1244050","license":{"name":"BY-SA 3.0","url":"https://creativecommons.org/licenses/by-sa/3.0"}}],"meanings":[{"partOfSpeech":"verb","definitions":[{"definition":"(heading) To be moved downwards.","synonyms":[],"antonyms":[]},{"definition":"To move downwards.","synonyms":[],"antonyms":[]},{"definition":"To happen, to change negatively.","synonyms":[],"antonyms":[]},{"definition":"To be allotted to; to arrive through chance, fate, or inheritance.","synonyms":[],"antonyms":[],"example":"And so it falls to me to make this important decision.  The estate fell to his brother; the kingdom fell into the hands of his rivals."},{"definition":"To diminish; to lessen or lower.","synonyms":[],"antonyms":[]},{"definition":"To bring forth.","synonyms":[],"antonyms":[],"example":"to fall lambs"},{"definition":"To issue forth into life; to be brought forth; said of the young of certain animals.","synonyms":[],"antonyms":[]},{"definition":"To descend in character or reputation; to become degraded; to sink into vice, error, or sin.","synonyms":[],"antonyms":[]},{"definition":"To become ensnared or entrapped; to be worse off than before.","synonyms":[],"antonyms":[],"example":"to fall into error;  to fall into difficulties"},{"definition":"To assume a look of shame or disappointment; to become or appear dejected; said of the face.","synonyms":[],"antonyms":[]},{"definition":"To happen; to come to pass; to chance or light (upon).","synonyms":[],"antonyms":[]},{"definition":"To begin with haste, ardour, or vehemence; to rush or hurry.","synonyms":[],"antonyms":[],"example":"After arguing, they fell to blows."},{"definition":"To be dropped or uttered carelessly.","synonyms":[],"antonyms":[],"example":"An unguarded expression fell from his lips."},{"definition":"(of a fabric) To hang down (under the influence of gravity).","synonyms":[],"antonyms":[],"example":"An Empire-style dress has a high waistline – directly under the bust – from which the dress falls all the way to a hem as low as the floor."}],"synonyms":["responsibility","up to","become","get","come down","descend","drop","drop","lower","prostrate","die","drop","plummet","plunge","beaten","defeated","overthrown","smitten","vanquished","cut down","fell","knock down","knock over","strike down","dip","drop"],"antonyms":["ascend","go","rise","get up","pick oneself up","stand up","beat","defeat","overthrow","smite","vanquish","rise"]},{"partOfSpeech":"noun","definitions":[{"definition":"The dead.","synonyms":[],"antonyms":[]},{"definition":"Casualties of battle or war.","synonyms":[],"antonyms":[]},{"definition":"One who has fallen, as from grace.","synonyms":[],"antonyms":[]}],"synonyms":[],"antonyms":[]},{"partOfSpeech":"adjective","definitions":[{"definition":"Having dropped by the force of gravity.","synonyms":[],"antonyms":[],"example":"fallen raindrops"},{"definition":"Killed in battle.","synonyms":[],"antonyms":[],"example":"to honor fallen soldiers"},{"definition":"Having lost one''s chastity.","synonyms":[],"antonyms":[],"example":"a fallen woman"},{"definition":"Having collapsed.","synonyms":[],"antonyms":[],"example":"a fallen building"},{"definition":"Having lost prestige, (Christian) grace, etc.","synonyms":[],"antonyms":[]}],"synonyms":["collapsed"],"antonyms":[]}],"license":{"name":"CC BY-SA 3.0","url":"https://creativecommons.org/licenses/by-sa/3.0"},"sourceUrls":["https://en.wiktionary.org/wiki/fall","https://en.wiktionary.org/wiki/fallen"]}]}', '2023-06-12 00:02:58', NULL);

-- 
-- Dumping data for table audit_log
--
INSERT INTO audit_log VALUES
(5, '8c38ae6f-223c-493a-b7a3-6a4122986848', 'Add Concept', 1, NULL, 'Add concept: free', 'PostmanRuntime/7.28.3', '2023-05-23 23:06:31', NULL),
(10, '8c38ae6f-223c-493a-b7a3-6a4122986848', 'Add Concept', 2, NULL, 'Add concept: free', 'PostmanRuntime/7.28.3', '2023-05-23 23:46:16', NULL),
(11, '8c38ae6f-223c-493a-b7a3-6a4122986848', 'Add Concept', 2, NULL, 'Add concept: freedom', 'PostmanRuntime/7.28.3', '2023-03-01 00:00:00', NULL),
(12, '8c38ae6f-223c-493a-b7a3-6a4122986848', 'Add Example', 2, NULL, 'fallen hero', 'PostmanRuntime/7.28.3', '2023-02-05 06:00:00', NULL),
(13, '8c38ae6f-223c-493a-b7a3-6a4122986848', 'Dictionary', 2, NULL, 'load new', 'PostmanRuntime/7.28.3', '2023-04-02 09:00:00', NULL),
(14, '8c38ae6f-223c-493a-b7a3-6a4122986848', 'Account Settings/Security', 1, NULL, NULL, 'Mozilla/5.0 (Windows NT 10.0; Win64; x64) AppleWebKit/537.36 (KHTML, like Gecko) Chrome/114.0.0.0 Safari/537.36', '2023-06-22 21:28:04', NULL),
(15, '8c38ae6f-223c-493a-b7a3-6a4122986848', 'Account Settings/General', 2, NULL, NULL, 'Mozilla/5.0 (Windows NT 10.0; Win64; x64) AppleWebKit/537.36 (KHTML, like Gecko) Chrome/114.0.0.0 Safari/537.36', '2023-06-22 21:31:45', NULL),
(16, '8c38ae6f-223c-493a-b7a3-6a4122986848', 'Account Settings/General', 2, NULL, NULL, 'Mozilla/5.0 (Windows NT 10.0; Win64; x64) AppleWebKit/537.36 (KHTML, like Gecko) Chrome/114.0.0.0 Safari/537.36', '2023-06-22 21:36:20', NULL),
(17, 'd2a85e00-4fc4-4cc9-845d-4ad90da292d5', 'Account Settings/General', 2, NULL, 'Change information: Avatar, Display Name, Birthday, Position', 'Mozilla/5.0 (Windows NT 10.0; Win64; x64) AppleWebKit/537.36 (KHTML, like Gecko) Chrome/114.0.0.0 Safari/537.36', '2023-06-22 21:42:14', NULL),
(18, 'd2a85e00-4fc4-4cc9-845d-4ad90da292d5', 'Account Settings/General', 2, NULL, 'Change information: Display Name', 'Mozilla/5.0 (Windows NT 10.0; Win64; x64) AppleWebKit/537.36 (KHTML, like Gecko) Chrome/114.0.0.0 Safari/537.36', '2023-06-22 21:42:54', NULL),
(19, 'd2a85e00-4fc4-4cc9-845d-4ad90da292d5', 'Account Settings/General', 2, NULL, 'Change information: Display Name, Position', 'Mozilla/5.0 (Windows NT 10.0; Win64; x64) AppleWebKit/537.36 (KHTML, like Gecko) Chrome/114.0.0.0 Safari/537.36', '2023-06-22 21:42:57', NULL),
(20, 'd2a85e00-4fc4-4cc9-845d-4ad90da292d5', 'Account Settings/General', 2, NULL, 'Change information: Display Name', 'Mozilla/5.0 (Windows NT 10.0; Win64; x64) AppleWebKit/537.36 (KHTML, like Gecko) Chrome/114.0.0.0 Safari/537.36', '2023-06-22 21:43:00', NULL),
(21, 'd2a85e00-4fc4-4cc9-845d-4ad90da292d5', 'Account Settings/General', 2, NULL, 'Change information: Display Name, Birthday', 'Mozilla/5.0 (Windows NT 10.0; Win64; x64) AppleWebKit/537.36 (KHTML, like Gecko) Chrome/114.0.0.0 Safari/537.36', '2023-06-22 21:43:05', NULL),
(22, 'd2a85e00-4fc4-4cc9-845d-4ad90da292d5', 'Account Settings/General', 2, NULL, 'Change information: Display Name, Birthday, Position', 'Mozilla/5.0 (Windows NT 10.0; Win64; x64) AppleWebKit/537.36 (KHTML, like Gecko) Chrome/114.0.0.0 Safari/537.36', '2023-06-22 21:43:11', NULL),
(23, 'd2a85e00-4fc4-4cc9-845d-4ad90da292d5', 'Account Settings/General', 2, NULL, 'Change information: Display Name, Birthday', 'Mozilla/5.0 (Windows NT 10.0; Win64; x64) AppleWebKit/537.36 (KHTML, like Gecko) Chrome/114.0.0.0 Safari/537.36', '2023-06-22 21:43:15', NULL),
(24, '8c38ae6f-223c-493a-b7a3-6a4122986848', 'Dictionary', 3, NULL, 'Load: Dictionary 1', 'Mozilla/5.0 (Windows NT 10.0; Win64; x64) AppleWebKit/537.36 (KHTML, like Gecko) Chrome/114.0.0.0 Safari/537.36', '2023-06-24 00:50:13', NULL),
(25, '8c38ae6f-223c-493a-b7a3-6a4122986848', 'Dictionary', 3, NULL, 'Load: Dictionary 3', 'Mozilla/5.0 (Windows NT 10.0; Win64; x64) AppleWebKit/537.36 (KHTML, like Gecko) Chrome/114.0.0.0 Safari/537.36', '2023-06-24 00:50:21', NULL),
(26, '8c38ae6f-223c-493a-b7a3-6a4122986848', 'Dictionary', 3, NULL, 'Load: Dictionary 1', 'Mozilla/5.0 (Windows NT 10.0; Win64; x64) AppleWebKit/537.36 (KHTML, like Gecko) Chrome/114.0.0.0 Safari/537.36', '2023-06-24 00:50:43', NULL),
(27, '8c38ae6f-223c-493a-b7a3-6a4122986848', 'Dictionary', 3, NULL, 'Load: Dictionary 2', 'Mozilla/5.0 (Windows NT 10.0; Win64; x64) AppleWebKit/537.36 (KHTML, like Gecko) Chrome/114.0.0.0 Safari/537.36', '2023-06-24 00:51:39', NULL),
(28, '8c38ae6f-223c-493a-b7a3-6a4122986848', 'Dictionary', 3, NULL, 'Load: Dictionary 1', 'Mozilla/5.0 (Windows NT 10.0; Win64; x64) AppleWebKit/537.36 (KHTML, like Gecko) Chrome/114.0.0.0 Safari/537.36', '2023-06-24 00:51:54', NULL),
(29, '8c38ae6f-223c-493a-b7a3-6a4122986848', 'Dictionary', 3, NULL, 'Load: Dictionary 3', 'Mozilla/5.0 (Windows NT 10.0; Win64; x64) AppleWebKit/537.36 (KHTML, like Gecko) Chrome/114.0.0.0 Safari/537.36', '2023-06-24 00:52:02', NULL),
(30, '8c38ae6f-223c-493a-b7a3-6a4122986848', 'Dictionary', 3, NULL, 'Load: Dictionary 1', 'Mozilla/5.0 (Windows NT 10.0; Win64; x64) AppleWebKit/537.36 (KHTML, like Gecko) Chrome/114.0.0.0 Safari/537.36', '2023-06-24 00:55:35', NULL),
(31, '8c38ae6f-223c-493a-b7a3-6a4122986848', 'Dictionary', 3, NULL, 'Load: Dictionary 3', 'Mozilla/5.0 (Windows NT 10.0; Win64; x64) AppleWebKit/537.36 (KHTML, like Gecko) Chrome/114.0.0.0 Safari/537.36', '2023-06-24 00:58:54', NULL),
(32, '8c38ae6f-223c-493a-b7a3-6a4122986848', 'Dictionary', 3, NULL, 'Load: Dictionary 2', 'Mozilla/5.0 (Windows NT 10.0; Win64; x64) AppleWebKit/537.36 (KHTML, like Gecko) Chrome/114.0.0.0 Safari/537.36', '2023-06-24 00:59:01', NULL),
(33, '8c38ae6f-223c-493a-b7a3-6a4122986848', 'Dictionary', 3, NULL, 'Load: Dictionary 3', 'Mozilla/5.0 (Windows NT 10.0; Win64; x64) AppleWebKit/537.36 (KHTML, like Gecko) Chrome/114.0.0.0 Safari/537.36', '2023-06-24 01:01:39', NULL),
(34, '8c38ae6f-223c-493a-b7a3-6a4122986848', 'Dictionary', 3, NULL, 'Load: Dictionary 2', 'Mozilla/5.0 (Windows NT 10.0; Win64; x64) AppleWebKit/537.36 (KHTML, like Gecko) Chrome/114.0.0.0 Safari/537.36', '2023-06-25 08:49:05', NULL),
(35, '8c38ae6f-223c-493a-b7a3-6a4122986848', 'Dictionary', 3, NULL, 'Load: Dictionary 3', 'Mozilla/5.0 (Windows NT 10.0; Win64; x64) AppleWebKit/537.36 (KHTML, like Gecko) Chrome/114.0.0.0 Safari/537.36', '2023-06-25 08:51:24', NULL),
(36, '8c38ae6f-223c-493a-b7a3-6a4122986848', 'Dictionary', 3, NULL, 'Load: Dictionary 2', 'Mozilla/5.0 (Windows NT 10.0; Win64; x64) AppleWebKit/537.36 (KHTML, like Gecko) Chrome/114.0.0.0 Safari/537.36', '2023-06-25 08:52:22', NULL),
(37, '8c38ae6f-223c-493a-b7a3-6a4122986848', 'Dictionary', 3, NULL, 'Load: Dictionary 1', 'Mozilla/5.0 (Windows NT 10.0; Win64; x64) AppleWebKit/537.36 (KHTML, like Gecko) Chrome/114.0.0.0 Safari/537.36', '2023-06-25 08:52:28', NULL),
(38, '8c38ae6f-223c-493a-b7a3-6a4122986848', 'Dictionary', 3, NULL, 'Load: Dictionary 2', 'Mozilla/5.0 (Windows NT 10.0; Win64; x64) AppleWebKit/537.36 (KHTML, like Gecko) Chrome/114.0.0.0 Safari/537.36', '2023-06-25 08:52:45', NULL),
(39, '8c38ae6f-223c-493a-b7a3-6a4122986848', 'Dictionary', 3, NULL, 'Load: Dictionary 3', 'Mozilla/5.0 (Windows NT 10.0; Win64; x64) AppleWebKit/537.36 (KHTML, like Gecko) Chrome/114.0.0.0 Safari/537.36', '2023-06-25 08:54:43', NULL),
(40, '8c38ae6f-223c-493a-b7a3-6a4122986848', 'Dictionary', 4, NULL, 'Create: aaaaaaa', 'Mozilla/5.0 (Windows NT 10.0; Win64; x64) AppleWebKit/537.36 (KHTML, like Gecko) Chrome/114.0.0.0 Safari/537.36', '2023-06-25 10:13:24', NULL),
(41, '8c38ae6f-223c-493a-b7a3-6a4122986848', 'Dictionary', 4, NULL, 'Create: Dictionary 4', 'Mozilla/5.0 (Windows NT 10.0; Win64; x64) AppleWebKit/537.36 (KHTML, like Gecko) Chrome/114.0.0.0 Safari/537.36', '2023-06-25 10:22:25', NULL),
(42, '8c38ae6f-223c-493a-b7a3-6a4122986848', 'Dictionary', 4, NULL, 'Create: Dictionary clone', 'Mozilla/5.0 (Windows NT 10.0; Win64; x64) AppleWebKit/537.36 (KHTML, like Gecko) Chrome/114.0.0.0 Safari/537.36', '2023-06-25 11:39:26', NULL),
(43, '8c38ae6f-223c-493a-b7a3-6a4122986848', 'Dictionary', 4, NULL, 'Create: Dictionary 6', 'Mozilla/5.0 (Windows NT 10.0; Win64; x64) AppleWebKit/537.36 (KHTML, like Gecko) Chrome/114.0.0.0 Safari/537.36', '2023-06-25 12:48:17', NULL),
(44, '8c38ae6f-223c-493a-b7a3-6a4122986848', 'Dictionary', 4, NULL, 'Create: Dictionary 8 (Clone data from dictionary: Dictionary clone)', 'Mozilla/5.0 (Windows NT 10.0; Win64; x64) AppleWebKit/537.36 (KHTML, like Gecko) Chrome/114.0.0.0 Safari/537.36', '2023-06-25 12:52:39', NULL),
(45, '8c38ae6f-223c-493a-b7a3-6a4122986848', 'Dictionary', 4, NULL, 'Create: Dictionary  1', 'Mozilla/5.0 (Windows NT 10.0; Win64; x64) AppleWebKit/537.36 (KHTML, like Gecko) Chrome/114.0.0.0 Safari/537.36', '2023-06-25 12:53:17', NULL),
(46, '8c38ae6f-223c-493a-b7a3-6a4122986848', 'Dictionary', 4, NULL, 'Create: bbb', 'Mozilla/5.0 (Windows NT 10.0; Win64; x64) AppleWebKit/537.36 (KHTML, like Gecko) Chrome/114.0.0.0 Safari/537.36', '2023-06-25 12:54:26', NULL),
(47, '8c38ae6f-223c-493a-b7a3-6a4122986848', 'Dictionary', 5, NULL, 'Rename from "bbb" to "cccc"', 'Mozilla/5.0 (Windows NT 10.0; Win64; x64) AppleWebKit/537.36 (KHTML, like Gecko) Chrome/114.0.0.0 Safari/537.36', '2023-06-25 13:20:08', NULL),
(48, '8c38ae6f-223c-493a-b7a3-6a4122986848', 'Dictionary', 5, NULL, 'Rename from "Dictionary 3" to "Dictionary 33"', 'Mozilla/5.0 (Windows NT 10.0; Win64; x64) AppleWebKit/537.36 (KHTML, like Gecko) Chrome/114.0.0.0 Safari/537.36', '2023-06-25 13:21:14', NULL),
(49, '8c38ae6f-223c-493a-b7a3-6a4122986848', 'Dictionary', 5, NULL, 'Rename from "cccc" to "dddd"', 'Mozilla/5.0 (Windows NT 10.0; Win64; x64) AppleWebKit/537.36 (KHTML, like Gecko) Chrome/114.0.0.0 Safari/537.36', '2023-06-25 13:30:31', NULL),
(50, '8c38ae6f-223c-493a-b7a3-6a4122986848', 'Dictionary', 6, NULL, 'Delete: dddd', 'Mozilla/5.0 (Windows NT 10.0; Win64; x64) AppleWebKit/537.36 (KHTML, like Gecko) Chrome/114.0.0.0 Safari/537.36', '2023-06-25 13:51:58', NULL),
(51, '8c38ae6f-223c-493a-b7a3-6a4122986848', 'Dictionary', 3, NULL, 'Load: Dictionary clone', 'Mozilla/5.0 (Windows NT 10.0; Win64; x64) AppleWebKit/537.36 (KHTML, like Gecko) Chrome/114.0.0.0 Safari/537.36', '2023-06-25 13:52:51', NULL),
(52, '8c38ae6f-223c-493a-b7a3-6a4122986848', 'Dictionary', 6, NULL, 'Delete: Dictionary clone', 'Mozilla/5.0 (Windows NT 10.0; Win64; x64) AppleWebKit/537.36 (KHTML, like Gecko) Chrome/114.0.0.0 Safari/537.36', '2023-06-25 13:54:10', NULL),
(53, '8c38ae6f-223c-493a-b7a3-6a4122986848', 'Dictionary', 3, NULL, 'Load: aaaaaaa', 'Mozilla/5.0 (Windows NT 10.0; Win64; x64) AppleWebKit/537.36 (KHTML, like Gecko) Chrome/114.0.0.0 Safari/537.36', '2023-06-25 13:54:34', NULL),
(54, '8c38ae6f-223c-493a-b7a3-6a4122986848', 'Dictionary', 6, NULL, 'Delete: aaaaaaa', 'Mozilla/5.0 (Windows NT 10.0; Win64; x64) AppleWebKit/537.36 (KHTML, like Gecko) Chrome/114.0.0.0 Safari/537.36', '2023-06-25 13:54:38', NULL),
(55, '8c38ae6f-223c-493a-b7a3-6a4122986848', 'Dictionary', 3, NULL, 'Load: Dictionary 4', 'Mozilla/5.0 (Windows NT 10.0; Win64; x64) AppleWebKit/537.36 (KHTML, like Gecko) Chrome/114.0.0.0 Safari/537.36', '2023-06-25 13:55:56', NULL),
(56, '8c38ae6f-223c-493a-b7a3-6a4122986848', 'Dictionary', 6, NULL, 'Delete: Dictionary 4', 'Mozilla/5.0 (Windows NT 10.0; Win64; x64) AppleWebKit/537.36 (KHTML, like Gecko) Chrome/114.0.0.0 Safari/537.36', '2023-06-25 13:56:17', NULL),
(57, '8c38ae6f-223c-493a-b7a3-6a4122986848', 'Dictionary', 4, NULL, 'Create: aaaaaaa (Clone data from dictionary: Dictionary 33)', 'Mozilla/5.0 (Windows NT 10.0; Win64; x64) AppleWebKit/537.36 (KHTML, like Gecko) Chrome/114.0.0.0 Safari/537.36', '2023-06-25 13:56:59', NULL),
(58, '8c38ae6f-223c-493a-b7a3-6a4122986848', 'Dictionary', 3, NULL, 'Load: aaaaaaa', 'Mozilla/5.0 (Windows NT 10.0; Win64; x64) AppleWebKit/537.36 (KHTML, like Gecko) Chrome/114.0.0.0 Safari/537.36', '2023-06-25 13:57:09', NULL),
(59, '8c38ae6f-223c-493a-b7a3-6a4122986848', 'Dictionary', 6, NULL, 'Delete: aaaaaaa', 'Mozilla/5.0 (Windows NT 10.0; Win64; x64) AppleWebKit/537.36 (KHTML, like Gecko) Chrome/114.0.0.0 Safari/537.36', '2023-06-25 13:57:18', NULL),
(60, '8c38ae6f-223c-493a-b7a3-6a4122986848', 'Dictionary', 4, NULL, 'Create: d (Clone data from dictionary: Dictionary 33)', 'Mozilla/5.0 (Windows NT 10.0; Win64; x64) AppleWebKit/537.36 (KHTML, like Gecko) Chrome/114.0.0.0 Safari/537.36', '2023-06-25 13:57:27', NULL),
(61, '8c38ae6f-223c-493a-b7a3-6a4122986848', 'Dictionary', 3, NULL, 'Load: d', 'Mozilla/5.0 (Windows NT 10.0; Win64; x64) AppleWebKit/537.36 (KHTML, like Gecko) Chrome/114.0.0.0 Safari/537.36', '2023-06-25 13:57:44', NULL),
(62, '8c38ae6f-223c-493a-b7a3-6a4122986848', 'Dictionary', 6, NULL, 'Delete: d', 'Mozilla/5.0 (Windows NT 10.0; Win64; x64) AppleWebKit/537.36 (KHTML, like Gecko) Chrome/114.0.0.0 Safari/537.36', '2023-06-25 13:58:41', NULL),
(63, '8c38ae6f-223c-493a-b7a3-6a4122986848', 'Dictionary', 4, NULL, 'Create: aaaa (Clone data from dictionary: Dictionary 33)', 'Mozilla/5.0 (Windows NT 10.0; Win64; x64) AppleWebKit/537.36 (KHTML, like Gecko) Chrome/114.0.0.0 Safari/537.36', '2023-06-25 13:59:30', NULL),
(64, '8c38ae6f-223c-493a-b7a3-6a4122986848', 'Dictionary', 3, NULL, 'Load: aaaa', 'Mozilla/5.0 (Windows NT 10.0; Win64; x64) AppleWebKit/537.36 (KHTML, like Gecko) Chrome/114.0.0.0 Safari/537.36', '2023-06-25 13:59:33', NULL),
(65, '8c38ae6f-223c-493a-b7a3-6a4122986848', 'Dictionary', 7, NULL, 'Clear data: aaaa', 'Mozilla/5.0 (Windows NT 10.0; Win64; x64) AppleWebKit/537.36 (KHTML, like Gecko) Chrome/114.0.0.0 Safari/537.36', '2023-06-25 13:59:42', NULL),
(66, '8c38ae6f-223c-493a-b7a3-6a4122986848', 'Dictionary', 7, NULL, 'Clear data: Dictionary 33', 'Mozilla/5.0 (Windows NT 10.0; Win64; x64) AppleWebKit/537.36 (KHTML, like Gecko) Chrome/114.0.0.0 Safari/537.36', '2023-06-25 14:25:29', NULL),
(67, '8c38ae6f-223c-493a-b7a3-6a4122986848', 'Dictionary', 3, NULL, 'Load: Dictionary 33', 'Mozilla/5.0 (Windows NT 10.0; Win64; x64) AppleWebKit/537.36 (KHTML, like Gecko) Chrome/114.0.0.0 Safari/537.36', '2023-06-25 14:25:39', NULL),
(68, '8c38ae6f-223c-493a-b7a3-6a4122986848', 'Dictionary', 3, NULL, 'Load: Dictionary 8', 'Mozilla/5.0 (Windows NT 10.0; Win64; x64) AppleWebKit/537.36 (KHTML, like Gecko) Chrome/114.0.0.0 Safari/537.36', '2023-06-25 14:25:45', NULL),
(69, '8c38ae6f-223c-493a-b7a3-6a4122986848', 'Dictionary', 3, NULL, 'Load: aaaa', 'Mozilla/5.0 (Windows NT 10.0; Win64; x64) AppleWebKit/537.36 (KHTML, like Gecko) Chrome/114.0.0.0 Safari/537.36', '2023-06-25 14:26:00', NULL),
(70, '8c38ae6f-223c-493a-b7a3-6a4122986848', 'Dictionary', 3, NULL, 'Load: Dictionary 1', 'Mozilla/5.0 (Windows NT 10.0; Win64; x64) AppleWebKit/537.36 (KHTML, like Gecko) Chrome/114.0.0.0 Safari/537.36', '2023-06-25 14:26:09', NULL),
(71, '8c38ae6f-223c-493a-b7a3-6a4122986848', 'Dictionary', 4, NULL, 'Create: Dictionary 1.1 (Clone data from dictionary: Dictionary 1)', 'Mozilla/5.0 (Windows NT 10.0; Win64; x64) AppleWebKit/537.36 (KHTML, like Gecko) Chrome/114.0.0.0 Safari/537.36', '2023-06-25 14:26:33', NULL),
(72, '8c38ae6f-223c-493a-b7a3-6a4122986848', 'Dictionary', 4, NULL, 'Create: Dictionary 1.2 (Clone data from dictionary: Dictionary 1)', 'Mozilla/5.0 (Windows NT 10.0; Win64; x64) AppleWebKit/537.36 (KHTML, like Gecko) Chrome/114.0.0.0 Safari/537.36', '2023-06-25 14:26:42', NULL),
(73, '8c38ae6f-223c-493a-b7a3-6a4122986848', 'Dictionary', 3, NULL, 'Load: Dictionary 1.1', 'Mozilla/5.0 (Windows NT 10.0; Win64; x64) AppleWebKit/537.36 (KHTML, like Gecko) Chrome/114.0.0.0 Safari/537.36', '2023-06-25 14:26:47', NULL),
(74, '8c38ae6f-223c-493a-b7a3-6a4122986848', 'Dictionary', 3, NULL, 'Load: Dictionary 1.2', 'Mozilla/5.0 (Windows NT 10.0; Win64; x64) AppleWebKit/537.36 (KHTML, like Gecko) Chrome/114.0.0.0 Safari/537.36', '2023-06-25 14:49:01', NULL),
(75, '8c38ae6f-223c-493a-b7a3-6a4122986848', 'Dictionary', 3, NULL, 'Load: aaaa', 'Mozilla/5.0 (Windows NT 10.0; Win64; x64) AppleWebKit/537.36 (KHTML, like Gecko) Chrome/114.0.0.0 Safari/537.36', '2023-06-25 14:49:09', NULL),
(76, '8c38ae6f-223c-493a-b7a3-6a4122986848', 'Dictionary', 7, NULL, 'Clear data: Dictionary 2', 'Mozilla/5.0 (Windows NT 10.0; Win64; x64) AppleWebKit/537.36 (KHTML, like Gecko) Chrome/114.0.0.0 Safari/537.36', '2023-06-25 14:49:23', NULL),
(77, '8c38ae6f-223c-493a-b7a3-6a4122986848', 'Dictionary', 3, NULL, 'Load: Dictionary 2', 'Mozilla/5.0 (Windows NT 10.0; Win64; x64) AppleWebKit/537.36 (KHTML, like Gecko) Chrome/114.0.0.0 Safari/537.36', '2023-06-25 14:49:30', NULL),
(78, '8c38ae6f-223c-493a-b7a3-6a4122986848', 'Dictionary', 3, NULL, 'Load: Dictionary 1.2', 'Mozilla/5.0 (Windows NT 10.0; Win64; x64) AppleWebKit/537.36 (KHTML, like Gecko) Chrome/114.0.0.0 Safari/537.36', '2023-06-25 14:49:44', NULL),
(79, '8c38ae6f-223c-493a-b7a3-6a4122986848', 'Dictionary', 7, NULL, 'Clear data: Dictionary 1.2', 'Mozilla/5.0 (Windows NT 10.0; Win64; x64) AppleWebKit/537.36 (KHTML, like Gecko) Chrome/114.0.0.0 Safari/537.36', '2023-06-25 14:49:59', NULL),
(80, '8c38ae6f-223c-493a-b7a3-6a4122986848', 'Dictionary', 3, NULL, 'Load: Dictionary 6', 'Mozilla/5.0 (Windows NT 10.0; Win64; x64) AppleWebKit/537.36 (KHTML, like Gecko) Chrome/114.0.0.0 Safari/537.36', '2023-06-25 14:50:06', NULL),
(81, '8c38ae6f-223c-493a-b7a3-6a4122986848', 'Dictionary', 6, NULL, 'Delete: Dictionary 1.2', 'Mozilla/5.0 (Windows NT 10.0; Win64; x64) AppleWebKit/537.36 (KHTML, like Gecko) Chrome/114.0.0.0 Safari/537.36', '2023-06-25 14:50:13', NULL),
(82, '8c38ae6f-223c-493a-b7a3-6a4122986848', 'Dictionary', 6, NULL, 'Delete: Dictionary 1.1', 'Mozilla/5.0 (Windows NT 10.0; Win64; x64) AppleWebKit/537.36 (KHTML, like Gecko) Chrome/114.0.0.0 Safari/537.36', '2023-06-25 14:50:19', NULL),
(83, '8c38ae6f-223c-493a-b7a3-6a4122986848', 'Dictionary', 6, NULL, 'Delete: aaaa', 'Mozilla/5.0 (Windows NT 10.0; Win64; x64) AppleWebKit/537.36 (KHTML, like Gecko) Chrome/114.0.0.0 Safari/537.36', '2023-06-25 14:50:24', NULL),
(84, '8c38ae6f-223c-493a-b7a3-6a4122986848', 'Dictionary', 6, NULL, 'Delete: Dictionary 8', 'Mozilla/5.0 (Windows NT 10.0; Win64; x64) AppleWebKit/537.36 (KHTML, like Gecko) Chrome/114.0.0.0 Safari/537.36', '2023-06-25 14:50:31', NULL),
(85, '8c38ae6f-223c-493a-b7a3-6a4122986848', 'Dictionary', 4, NULL, 'Create: abc (Clone data from dictionary: aaaaaaaaaaaaaa)', 'Mozilla/5.0 (Windows NT 10.0; Win64; x64) AppleWebKit/537.36 (KHTML, like Gecko) Chrome/114.0.0.0 Safari/537.36', '2023-06-25 17:29:01', NULL),
(86, '8c38ae6f-223c-493a-b7a3-6a4122986848', 'Dictionary', 4, NULL, 'Create: Dictionary 89', 'Mozilla/5.0 (Windows NT 10.0; Win64; x64) AppleWebKit/537.36 (KHTML, like Gecko) Chrome/114.0.0.0 Safari/537.36', '2023-06-25 18:45:18', NULL),
(87, '8c38ae6f-223c-493a-b7a3-6a4122986848', 'Dictionary', 4, NULL, 'Create: Dictionary 12', 'Mozilla/5.0 (Windows NT 10.0; Win64; x64) AppleWebKit/537.36 (KHTML, like Gecko) Chrome/114.0.0.0 Safari/537.36', '2023-06-25 18:46:26', NULL),
(88, 'd2a85e00-4fc4-4cc9-845d-4ad90da292d5', 'Dictionary', 4, NULL, 'Create: Từ điển clone 1 (Clone data from dictionary: PVO)', 'Mozilla/5.0 (Windows NT 10.0; Win64; x64) AppleWebKit/537.36 (KHTML, like Gecko) Chrome/114.0.0.0 Safari/537.36', '2023-06-25 19:01:40', NULL),
(89, 'd2a85e00-4fc4-4cc9-845d-4ad90da292d5', 'Dictionary', 3, NULL, 'Load: Từ điển clone 1', 'Mozilla/5.0 (Windows NT 10.0; Win64; x64) AppleWebKit/537.36 (KHTML, like Gecko) Chrome/114.0.0.0 Safari/537.36', '2023-06-25 19:01:43', NULL),
(90, 'd2a85e00-4fc4-4cc9-845d-4ad90da292d5', 'Dictionary', 4, NULL, 'Create: Từ điển nhận dữ liệu transfer', 'Mozilla/5.0 (Windows NT 10.0; Win64; x64) AppleWebKit/537.36 (KHTML, like Gecko) Chrome/114.0.0.0 Safari/537.36', '2023-06-25 19:02:06', NULL),
(91, 'd2a85e00-4fc4-4cc9-845d-4ad90da292d5', 'Dictionary', 3, NULL, 'Load: Từ điển nhận dữ liệu transfer', 'Mozilla/5.0 (Windows NT 10.0; Win64; x64) AppleWebKit/537.36 (KHTML, like Gecko) Chrome/114.0.0.0 Safari/537.36', '2023-06-25 19:02:09', NULL),
(92, 'd2a85e00-4fc4-4cc9-845d-4ad90da292d5', 'Dictionary', 8, NULL, 'Clear data in "Từ điển nhận dữ liệu transfer". Copy data from "Từ điển clone 1" to "Từ điển nhận dữ liệu transfer"', 'Mozilla/5.0 (Windows NT 10.0; Win64; x64) AppleWebKit/537.36 (KHTML, like Gecko) Chrome/114.0.0.0 Safari/537.36', '2023-06-25 19:02:30', NULL),
(93, 'd2a85e00-4fc4-4cc9-845d-4ad90da292d5', 'Dictionary', 8, NULL, 'Copy data from "Từ điển clone 1" to "Từ điển nhận dữ liệu transfer"', 'Mozilla/5.0 (Windows NT 10.0; Win64; x64) AppleWebKit/537.36 (KHTML, like Gecko) Chrome/114.0.0.0 Safari/537.36', '2023-06-25 19:02:48', NULL),
(94, 'd2a85e00-4fc4-4cc9-845d-4ad90da292d5', 'Dictionary', 9, NULL, 'Export data: Từ điển clone 1', 'Mozilla/5.0 (Windows NT 10.0; Win64; x64) AppleWebKit/537.36 (KHTML, like Gecko) Chrome/114.0.0.0 Safari/537.36', '2023-06-25 21:48:55', NULL),
(95, 'd2a85e00-4fc4-4cc9-845d-4ad90da292d5', 'Dictionary', 9, NULL, 'Export data: Từ điển clone 1', 'Mozilla/5.0 (Windows NT 10.0; Win64; x64) AppleWebKit/537.36 (KHTML, like Gecko) Chrome/114.0.0.0 Safari/537.36', '2023-06-25 21:51:17', NULL),
(96, 'd2a85e00-4fc4-4cc9-845d-4ad90da292d5', 'Dictionary', 9, NULL, 'Export data: PVO', 'Mozilla/5.0 (Windows NT 10.0; Win64; x64) AppleWebKit/537.36 (KHTML, like Gecko) Chrome/114.0.0.0 Safari/537.36', '2023-06-25 21:51:37', NULL),
(97, 'd2a85e00-4fc4-4cc9-845d-4ad90da292d5', 'Dictionary', 9, NULL, 'Export data: PVO', 'Mozilla/5.0 (Windows NT 10.0; Win64; x64) AppleWebKit/537.36 (KHTML, like Gecko) Chrome/114.0.0.0 Safari/537.36', '2023-06-25 21:52:23', NULL),
(98, 'd2a85e00-4fc4-4cc9-845d-4ad90da292d5', 'Dictionary', 9, NULL, 'Export data: Từ điển clone 1', 'Mozilla/5.0 (Windows NT 10.0; Win64; x64) AppleWebKit/537.36 (KHTML, like Gecko) Chrome/114.0.0.0 Safari/537.36', '2023-06-25 21:52:36', NULL),
(99, 'd2a85e00-4fc4-4cc9-845d-4ad90da292d5', 'Dictionary', 9, 'Dictionary: Từ điển clone 1', 'Download export file', 'Mozilla/5.0 (Windows NT 10.0; Win64; x64) AppleWebKit/537.36 (KHTML, like Gecko) Chrome/114.0.0.0 Safari/537.36', '2023-06-25 21:56:34', NULL),
(100, 'd2a85e00-4fc4-4cc9-845d-4ad90da292d5', 'Dictionary', 5, 'Dictionary: Từ điển clone 1', 'Rename from to "Từ điển clone 1"', 'Mozilla/5.0 (Windows NT 10.0; Win64; x64) AppleWebKit/537.36 (KHTML, like Gecko) Chrome/114.0.0.0 Safari/537.36', '2023-06-25 21:59:37', NULL),
(101, 'd2a85e00-4fc4-4cc9-845d-4ad90da292d5', 'Dictionary', 5, 'Dictionary: Từ điển clone 1', 'Rename from to "Từ điển clone 2"', 'Mozilla/5.0 (Windows NT 10.0; Win64; x64) AppleWebKit/537.36 (KHTML, like Gecko) Chrome/114.0.0.0 Safari/537.36', '2023-06-25 21:59:51', NULL),
(102, 'd2a85e00-4fc4-4cc9-845d-4ad90da292d5', 'Dictionary', 5, 'Dictionary: Từ điển clone 2', 'Rename to "Từ điển clone 3"', 'Mozilla/5.0 (Windows NT 10.0; Win64; x64) AppleWebKit/537.36 (KHTML, like Gecko) Chrome/114.0.0.0 Safari/537.36', '2023-06-25 22:01:19', NULL),
(103, 'd2a85e00-4fc4-4cc9-845d-4ad90da292d5', 'Dictionary', 4, NULL, 'Create: Từ điển test (Clone data from dictionary: PVO)', 'Mozilla/5.0 (Windows NT 10.0; Win64; x64) AppleWebKit/537.36 (KHTML, like Gecko) Chrome/114.0.0.0 Safari/537.36', '2023-06-25 22:04:45', NULL),
(104, 'd2a85e00-4fc4-4cc9-845d-4ad90da292d5', 'Dictionary', 7, NULL, 'Clear data: Từ điển test', 'Mozilla/5.0 (Windows NT 10.0; Win64; x64) AppleWebKit/537.36 (KHTML, like Gecko) Chrome/114.0.0.0 Safari/537.36', '2023-06-25 22:04:52', NULL),
(105, 'd2a85e00-4fc4-4cc9-845d-4ad90da292d5', 'Dictionary', 7, 'Dictionary: Từ điển test', NULL, 'Mozilla/5.0 (Windows NT 10.0; Win64; x64) AppleWebKit/537.36 (KHTML, like Gecko) Chrome/114.0.0.0 Safari/537.36', '2023-06-25 22:05:33', NULL),
(106, 'd2a85e00-4fc4-4cc9-845d-4ad90da292d5', 'Dictionary', 6, 'Dictionary: Từ điển test', NULL, 'Mozilla/5.0 (Windows NT 10.0; Win64; x64) AppleWebKit/537.36 (KHTML, like Gecko) Chrome/114.0.0.0 Safari/537.36', '2023-06-25 22:05:58', NULL),
(107, 'd2a85e00-4fc4-4cc9-845d-4ad90da292d5', 'Dictionary', 4, NULL, 'Create: Từ điển test test (Clone data from dictionary: PVO)', 'Mozilla/5.0 (Windows NT 10.0; Win64; x64) AppleWebKit/537.36 (KHTML, like Gecko) Chrome/114.0.0.0 Safari/537.36', '2023-06-25 22:07:14', NULL),
(108, 'd2a85e00-4fc4-4cc9-845d-4ad90da292d5', 'Dictionary', 7, 'Dictionary: Từ điển test test', NULL, 'Mozilla/5.0 (Windows NT 10.0; Win64; x64) AppleWebKit/537.36 (KHTML, like Gecko) Chrome/114.0.0.0 Safari/537.36', '2023-06-25 22:07:23', NULL),
(109, 'd2a85e00-4fc4-4cc9-845d-4ad90da292d5', 'Dictionary', 6, 'Dictionary: Từ điển test test', NULL, 'Mozilla/5.0 (Windows NT 10.0; Win64; x64) AppleWebKit/537.36 (KHTML, like Gecko) Chrome/114.0.0.0 Safari/537.36', '2023-06-25 22:07:38', NULL),
(110, 'd2a85e00-4fc4-4cc9-845d-4ad90da292d5', 'Dictionary', 4, NULL, 'Create: Từ điển test test (Clone data from dictionary: PVO)', 'Mozilla/5.0 (Windows NT 10.0; Win64; x64) AppleWebKit/537.36 (KHTML, like Gecko) Chrome/114.0.0.0 Safari/537.36', '2023-06-25 22:07:47', NULL),
(111, 'd2a85e00-4fc4-4cc9-845d-4ad90da292d5', 'Dictionary', 7, 'Dictionary: Từ điển test test', NULL, 'Mozilla/5.0 (Windows NT 10.0; Win64; x64) AppleWebKit/537.36 (KHTML, like Gecko) Chrome/114.0.0.0 Safari/537.36', '2023-06-25 22:07:56', NULL),
(112, 'd2a85e00-4fc4-4cc9-845d-4ad90da292d5', 'Dictionary', 6, 'Dictionary: Từ điển test test', NULL, 'Mozilla/5.0 (Windows NT 10.0; Win64; x64) AppleWebKit/537.36 (KHTML, like Gecko) Chrome/114.0.0.0 Safari/537.36', '2023-06-25 22:08:20', NULL),
(113, 'd2a85e00-4fc4-4cc9-845d-4ad90da292d5', 'Dictionary', 4, NULL, 'Create: Từ điển test (Clone data from dictionary: PVO)', 'Mozilla/5.0 (Windows NT 10.0; Win64; x64) AppleWebKit/537.36 (KHTML, like Gecko) Chrome/114.0.0.0 Safari/537.36', '2023-06-25 22:08:41', NULL),
(114, 'd2a85e00-4fc4-4cc9-845d-4ad90da292d5', 'Dictionary', 7, 'Dictionary: Từ điển test', NULL, 'Mozilla/5.0 (Windows NT 10.0; Win64; x64) AppleWebKit/537.36 (KHTML, like Gecko) Chrome/114.0.0.0 Safari/537.36', '2023-06-25 22:09:00', NULL),
(115, 'd2a85e00-4fc4-4cc9-845d-4ad90da292d5', 'Dictionary', 6, 'Dictionary: Từ điển test', NULL, 'Mozilla/5.0 (Windows NT 10.0; Win64; x64) AppleWebKit/537.36 (KHTML, like Gecko) Chrome/114.0.0.0 Safari/537.36', '2023-06-25 22:11:49', NULL),
(116, 'd2a85e00-4fc4-4cc9-845d-4ad90da292d5', 'Dictionary', 4, NULL, 'Create: Từ điển test (Clone data from dictionary: PVO)', 'Mozilla/5.0 (Windows NT 10.0; Win64; x64) AppleWebKit/537.36 (KHTML, like Gecko) Chrome/114.0.0.0 Safari/537.36', '2023-06-25 22:11:57', NULL),
(117, 'd2a85e00-4fc4-4cc9-845d-4ad90da292d5', 'Dictionary', 7, 'Dictionary: Từ điển test', NULL, 'Mozilla/5.0 (Windows NT 10.0; Win64; x64) AppleWebKit/537.36 (KHTML, like Gecko) Chrome/114.0.0.0 Safari/537.36', '2023-06-25 22:12:03', NULL),
(118, 'd2a85e00-4fc4-4cc9-845d-4ad90da292d5', 'Dictionary', 6, 'Dictionary: Từ điển test', NULL, 'Mozilla/5.0 (Windows NT 10.0; Win64; x64) AppleWebKit/537.36 (KHTML, like Gecko) Chrome/114.0.0.0 Safari/537.36', '2023-06-25 22:12:09', NULL),
(119, 'd2a85e00-4fc4-4cc9-845d-4ad90da292d5', 'Dictionary', 4, NULL, 'Create: Từ điển test (Clone data from dictionary: PVO)', 'Mozilla/5.0 (Windows NT 10.0; Win64; x64) AppleWebKit/537.36 (KHTML, like Gecko) Chrome/114.0.0.0 Safari/537.36', '2023-06-25 22:12:32', NULL),
(120, 'd2a85e00-4fc4-4cc9-845d-4ad90da292d5', 'Dictionary', 7, 'Dictionary: Từ điển test', NULL, 'Mozilla/5.0 (Windows NT 10.0; Win64; x64) AppleWebKit/537.36 (KHTML, like Gecko) Chrome/114.0.0.0 Safari/537.36', '2023-06-25 22:13:00', NULL),
(121, 'd2a85e00-4fc4-4cc9-845d-4ad90da292d5', 'Dictionary', 4, NULL, 'Create: Test (Clone data from dictionary: PVO)', 'Mozilla/5.0 (Windows NT 10.0; Win64; x64) AppleWebKit/537.36 (KHTML, like Gecko) Chrome/114.0.0.0 Safari/537.36', '2023-06-25 22:14:48', NULL),
(122, 'd2a85e00-4fc4-4cc9-845d-4ad90da292d5', 'Dictionary', 7, 'Dictionary: Test', NULL, 'Mozilla/5.0 (Windows NT 10.0; Win64; x64) AppleWebKit/537.36 (KHTML, like Gecko) Chrome/114.0.0.0 Safari/537.36', '2023-06-25 22:22:33', NULL),
(123, 'd2a85e00-4fc4-4cc9-845d-4ad90da292d5', 'Dictionary', 4, NULL, 'Create: Tư (Clone data from dictionary: PVO)', 'Mozilla/5.0 (Windows NT 10.0; Win64; x64) AppleWebKit/537.36 (KHTML, like Gecko) Chrome/114.0.0.0 Safari/537.36', '2023-06-25 22:24:58', NULL),
(124, 'd2a85e00-4fc4-4cc9-845d-4ad90da292d5', 'Dictionary', 7, 'Dictionary: Tư', NULL, 'Mozilla/5.0 (Windows NT 10.0; Win64; x64) AppleWebKit/537.36 (KHTML, like Gecko) Chrome/114.0.0.0 Safari/537.36', '2023-06-25 22:25:11', NULL),
(125, 'd2a85e00-4fc4-4cc9-845d-4ad90da292d5', 'Dictionary', 6, 'Dictionary: Tư', NULL, 'Mozilla/5.0 (Windows NT 10.0; Win64; x64) AppleWebKit/537.36 (KHTML, like Gecko) Chrome/114.0.0.0 Safari/537.36', '2023-06-25 22:25:21', NULL),
(126, 'd2a85e00-4fc4-4cc9-845d-4ad90da292d5', 'Dictionary', 3, 'Dictionary: PVO', NULL, 'Mozilla/5.0 (Windows NT 10.0; Win64; x64) AppleWebKit/537.36 (KHTML, like Gecko) Chrome/114.0.0.0 Safari/537.36', '2023-06-25 22:34:27', NULL),
(127, 'd2a85e00-4fc4-4cc9-845d-4ad90da292d5', 'Dictionary', 9, 'Dictionary: Từ điển nhận dữ liệu transfer', 'Send export file to email', 'Mozilla/5.0 (Windows NT 10.0; Win64; x64) AppleWebKit/537.36 (KHTML, like Gecko) Chrome/114.0.0.0 Safari/537.36', '2023-06-25 22:38:25', NULL),
(128, 'd2a85e00-4fc4-4cc9-845d-4ad90da292d5', 'Dictionary', 9, 'Dictionary: Từ điển nhận dữ liệu transfer', 'Download export file', 'Mozilla/5.0 (Windows NT 10.0; Win64; x64) AppleWebKit/537.36 (KHTML, like Gecko) Chrome/114.0.0.0 Safari/537.36', '2023-06-25 22:40:33', NULL),
(129, 'd2a85e00-4fc4-4cc9-845d-4ad90da292d5', 'Dictionary', 9, 'Dictionary: Từ điển nhận dữ liệu transfer', 'Download export file', 'Mozilla/5.0 (Windows NT 10.0; Win64; x64) AppleWebKit/537.36 (KHTML, like Gecko) Chrome/114.0.0.0 Safari/537.36', '2023-06-25 22:41:03', NULL),
(130, 'd2a85e00-4fc4-4cc9-845d-4ad90da292d5', 'Dictionary', 9, 'Dictionary: Từ điển nhận dữ liệu transfer', 'Download export file', 'Mozilla/5.0 (Windows NT 10.0; Win64; x64) AppleWebKit/537.36 (KHTML, like Gecko) Chrome/114.0.0.0 Safari/537.36', '2023-06-25 22:57:34', NULL),
(131, 'd2a85e00-4fc4-4cc9-845d-4ad90da292d5', 'Dictionary', 9, 'Dictionary: Từ điển nhận dữ liệu transfer', 'Send export file to email', 'Mozilla/5.0 (Windows NT 10.0; Win64; x64) AppleWebKit/537.36 (KHTML, like Gecko) Chrome/114.0.0.0 Safari/537.36', '2023-06-25 22:59:19', NULL),
(132, 'd2a85e00-4fc4-4cc9-845d-4ad90da292d5', 'Dictionary', 7, 'Dictionary: Từ điển test', NULL, 'Mozilla/5.0 (Windows NT 10.0; Win64; x64) AppleWebKit/537.36 (KHTML, like Gecko) Chrome/114.0.0.0 Safari/537.36', '2023-06-25 23:06:58', NULL),
(133, 'd2a85e00-4fc4-4cc9-845d-4ad90da292d5', 'Dictionary', 6, 'Dictionary: Từ điển test', NULL, 'Mozilla/5.0 (Windows NT 10.0; Win64; x64) AppleWebKit/537.36 (KHTML, like Gecko) Chrome/114.0.0.0 Safari/537.36', '2023-06-25 23:07:02', NULL),
(134, 'd2a85e00-4fc4-4cc9-845d-4ad90da292d5', 'Dictionary', 6, 'Dictionary: Test', NULL, 'Mozilla/5.0 (Windows NT 10.0; Win64; x64) AppleWebKit/537.36 (KHTML, like Gecko) Chrome/114.0.0.0 Safari/537.36', '2023-06-25 23:07:11', NULL),
(135, 'd2a85e00-4fc4-4cc9-845d-4ad90da292d5', 'Dictionary', 4, NULL, 'Create: Test (Clone data from dictionary: PVO)', 'Mozilla/5.0 (Windows NT 10.0; Win64; x64) AppleWebKit/537.36 (KHTML, like Gecko) Chrome/114.0.0.0 Safari/537.36', '2023-06-25 23:07:20', NULL),
(136, 'd2a85e00-4fc4-4cc9-845d-4ad90da292d5', 'Dictionary', 9, 'Dictionary: Test', 'Download export file', 'Mozilla/5.0 (Windows NT 10.0; Win64; x64) AppleWebKit/537.36 (KHTML, like Gecko) Chrome/114.0.0.0 Safari/537.36', '2023-06-25 23:07:24', NULL),
(137, 'd2a85e00-4fc4-4cc9-845d-4ad90da292d5', 'Dictionary', 9, 'Dictionary: Test', 'Send export file to email', 'Mozilla/5.0 (Windows NT 10.0; Win64; x64) AppleWebKit/537.36 (KHTML, like Gecko) Chrome/114.0.0.0 Safari/537.36', '2023-06-25 23:07:34', NULL),
(138, 'd2a85e00-4fc4-4cc9-845d-4ad90da292d5', 'Dictionary', 9, 'Dictionary: Từ điển nhận dữ liệu transfer', 'Download export file', 'Mozilla/5.0 (Windows NT 10.0; Win64; x64) AppleWebKit/537.36 (KHTML, like Gecko) Chrome/114.0.0.0 Safari/537.36', '2023-06-25 23:08:59', NULL),
(139, 'd2a85e00-4fc4-4cc9-845d-4ad90da292d5', 'Dictionary', 9, 'Dictionary: Từ điển nhận dữ liệu transfer', 'Send export file to email', 'Mozilla/5.0 (Windows NT 10.0; Win64; x64) AppleWebKit/537.36 (KHTML, like Gecko) Chrome/114.0.0.0 Safari/537.36', '2023-06-25 23:09:10', NULL),
(140, 'd2a85e00-4fc4-4cc9-845d-4ad90da292d5', 'Dictionary', 5, 'Dictionary: Test', 'Rename to "Anime dictionary tên rất là dài dài vô cùng luôn dài rất dài dài lắm luôn dài vô cực luôn rất rất dài Anime dictionary tên rất là dài dài vô cùng luôn dài rất dài dài lắm luôn dài vô cực luôn rất rất dài"', 'Mozilla/5.0 (Windows NT 10.0; Win64; x64) AppleWebKit/537.36 (KHTML, like Gecko) Chrome/114.0.0.0 Safari/537.36', '2023-06-27 21:41:58', NULL),
(141, 'd2a85e00-4fc4-4cc9-845d-4ad90da292d5', 'Dictionary', 9, 'Dictionary: Anime dictionary tên rất là dài dài vô cùng luôn dài rất dài dài lắm luôn dài vô cực luôn rất rất dài Anime dictionary tên rất là dài dài vô cùng luôn dài rất dài dài lắm luôn dài vô cực luôn rất rất dài', 'Download export file', 'Mozilla/5.0 (Windows NT 10.0; Win64; x64) AppleWebKit/537.36 (KHTML, like Gecko) Chrome/114.0.0.0 Safari/537.36', '2023-06-27 22:05:48', NULL),
(142, 'd2a85e00-4fc4-4cc9-845d-4ad90da292d5', 'Dictionary', 3, 'Dictionary: Anime dictionary tên rất là dài dài vô cùng luôn dài rất dài dài lắm luôn dài vô cực luôn rất rất dài Anime dictionary tên rất là dài dài vô cùng luôn dài rất dài dài lắm luôn dài vô cực luôn rất rất dài', NULL, 'Mozilla/5.0 (Windows NT 10.0; Win64; x64) AppleWebKit/537.36 (KHTML, like Gecko) Chrome/114.0.0.0 Safari/537.36', '2023-06-27 22:56:12', NULL),
(143, 'd2a85e00-4fc4-4cc9-845d-4ad90da292d5', 'Dictionary', 10, 'Dictionary: Anime dictionary tên rất là dài dài vô cùng luôn dài rất dài dài lắm luôn dài vô cực luôn rất rất dài Anime dictionary tên rất là dài dài vô cùng luôn dài rất dài dài lắm luôn dài vô cực luôn rất rất dài', 'Delete 13 concept(s). Import 28 record(s). ', 'Mozilla/5.0 (Windows NT 10.0; Win64; x64) AppleWebKit/537.36 (KHTML, like Gecko) Chrome/114.0.0.0 Safari/537.36', '2023-06-27 23:21:12', NULL),
(144, 'd2a85e00-4fc4-4cc9-845d-4ad90da292d5', 'Dictionary', 10, 'Dictionary: Từ điển nhận dữ liệu transfer', 'Delete 13 concept(s). Import 28 record(s). ', 'Mozilla/5.0 (Windows NT 10.0; Win64; x64) AppleWebKit/537.36 (KHTML, like Gecko) Chrome/114.0.0.0 Safari/537.36', '2023-06-28 22:28:20', NULL),
(145, 'd2a85e00-4fc4-4cc9-845d-4ad90da292d5', 'Dictionary', 3, 'Dictionary: PVO', NULL, 'Mozilla/5.0 (Windows NT 10.0; Win64; x64) AppleWebKit/537.36 (KHTML, like Gecko) Chrome/114.0.0.0 Safari/537.36', '2023-06-28 23:05:05', NULL),
(146, '8c38ae6f-223c-493a-b7a3-6a4122986848', 'Dictionary', 3, 'Dictionary: Dictionary 1', NULL, 'Mozilla/5.0 (Windows NT 10.0; Win64; x64) AppleWebKit/537.36 (KHTML, like Gecko) Chrome/114.0.0.0 Safari/537.36', '2023-06-29 00:01:42', NULL),
(147, 'd2a85e00-4fc4-4cc9-845d-4ad90da292d5', 'Concept', 11, 'Dictionary: PVO', 'Add: red', 'Mozilla/5.0 (Windows NT 10.0; Win64; x64) AppleWebKit/537.36 (KHTML, like Gecko) Chrome/114.0.0.0 Safari/537.36', '2023-06-29 09:50:28', NULL),
(148, 'd2a85e00-4fc4-4cc9-845d-4ad90da292d5', 'Concept', 11, 'Dictionary: PVO', 'Add: real', 'Mozilla/5.0 (Windows NT 10.0; Win64; x64) AppleWebKit/537.36 (KHTML, like Gecko) Chrome/114.0.0.0 Safari/537.36', '2023-06-29 09:51:19', NULL),
(149, 'd2a85e00-4fc4-4cc9-845d-4ad90da292d5', 'Concept', 11, 'Dictionary: PVO', 'Add: color', 'Mozilla/5.0 (Windows NT 10.0; Win64; x64) AppleWebKit/537.36 (KHTML, like Gecko) Chrome/114.0.0.0 Safari/537.36', '2023-06-29 10:05:22', NULL),
(150, 'd2a85e00-4fc4-4cc9-845d-4ad90da292d5', 'Concept', 11, 'Dictionary: PVO', 'Add: hello', 'Mozilla/5.0 (Windows NT 10.0; Win64; x64) AppleWebKit/537.36 (KHTML, like Gecko) Chrome/114.0.0.0 Safari/537.36', '2023-06-29 10:24:06', NULL),
(151, 'd2a85e00-4fc4-4cc9-845d-4ad90da292d5', 'Concept', 11, 'Dictionary: PVO', 'Add: hi', 'Mozilla/5.0 (Windows NT 10.0; Win64; x64) AppleWebKit/537.36 (KHTML, like Gecko) Chrome/114.0.0.0 Safari/537.36', '2023-06-29 10:35:47', NULL),
(152, 'd2a85e00-4fc4-4cc9-845d-4ad90da292d5', 'Concept', 11, 'Dictionary: PVO', 'Add: reason', 'Mozilla/5.0 (Windows NT 10.0; Win64; x64) AppleWebKit/537.36 (KHTML, like Gecko) Chrome/114.0.0.0 Safari/537.36', '2023-06-29 10:36:51', NULL),
(153, 'd2a85e00-4fc4-4cc9-845d-4ad90da292d5', 'Concept', 11, 'Dictionary: PVO', 'Add: cause', 'Mozilla/5.0 (Windows NT 10.0; Win64; x64) AppleWebKit/537.36 (KHTML, like Gecko) Chrome/114.0.0.0 Safari/537.36', '2023-06-29 10:45:18', NULL),
(154, 'd2a85e00-4fc4-4cc9-845d-4ad90da292d5', 'Concept', 11, 'Dictionary: PVO', 'Add: occasion', 'Mozilla/5.0 (Windows NT 10.0; Win64; x64) AppleWebKit/537.36 (KHTML, like Gecko) Chrome/114.0.0.0 Safari/537.36', '2023-06-29 10:45:26', NULL),
(155, 'd2a85e00-4fc4-4cc9-845d-4ad90da292d5', 'Concept', 11, 'Dictionary: PVO', 'Add: relative', 'Mozilla/5.0 (Windows NT 10.0; Win64; x64) AppleWebKit/537.36 (KHTML, like Gecko) Chrome/114.0.0.0 Safari/537.36', '2023-06-29 10:45:35', NULL),
(156, 'd2a85e00-4fc4-4cc9-845d-4ad90da292d5', 'Concept', 11, 'Dictionary: PVO', 'Add: free', 'Mozilla/5.0 (Windows NT 10.0; Win64; x64) AppleWebKit/537.36 (KHTML, like Gecko) Chrome/114.0.0.0 Safari/537.36', '2023-06-29 10:46:52', NULL),
(157, 'd2a85e00-4fc4-4cc9-845d-4ad90da292d5', 'Concept', 11, 'Dictionary: PVO', 'Add: come', 'Mozilla/5.0 (Windows NT 10.0; Win64; x64) AppleWebKit/537.36 (KHTML, like Gecko) Chrome/114.0.0.0 Safari/537.36', '2023-06-29 10:47:36', NULL),
(158, 'd2a85e00-4fc4-4cc9-845d-4ad90da292d5', 'Concept', 11, 'Dictionary: PVO', 'Add: look', 'Mozilla/5.0 (Windows NT 10.0; Win64; x64) AppleWebKit/537.36 (KHTML, like Gecko) Chrome/114.0.0.0 Safari/537.36', '2023-06-29 10:47:46', NULL),
(159, 'd2a85e00-4fc4-4cc9-845d-4ad90da292d5', 'Concept', 11, 'Dictionary: PVO', 'Add: after', 'Mozilla/5.0 (Windows NT 10.0; Win64; x64) AppleWebKit/537.36 (KHTML, like Gecko) Chrome/114.0.0.0 Safari/537.36', '2023-06-29 10:50:38', NULL),
(160, 'd2a85e00-4fc4-4cc9-845d-4ad90da292d5', 'Concept', 11, 'Dictionary: PVO', 'Add: good', 'Mozilla/5.0 (Windows NT 10.0; Win64; x64) AppleWebKit/537.36 (KHTML, like Gecko) Chrome/114.0.0.0 Safari/537.36', '2023-06-29 10:52:37', NULL),
(161, 'd2a85e00-4fc4-4cc9-845d-4ad90da292d5', 'Concept', 11, 'Dictionary: PVO', 'Add: bad', 'Mozilla/5.0 (Windows NT 10.0; Win64; x64) AppleWebKit/537.36 (KHTML, like Gecko) Chrome/114.0.0.0 Safari/537.36', '2023-06-29 10:52:42', NULL),
(162, 'd2a85e00-4fc4-4cc9-845d-4ad90da292d5', 'Concept', 11, 'Dictionary: PVO', 'Add: freedom', 'Mozilla/5.0 (Windows NT 10.0; Win64; x64) AppleWebKit/537.36 (KHTML, like Gecko) Chrome/114.0.0.0 Safari/537.36', '2023-06-29 10:52:59', NULL),
(163, 'd2a85e00-4fc4-4cc9-845d-4ad90da292d5', 'Concept', 11, 'Dictionary: PVO', 'Add: money', 'Mozilla/5.0 (Windows NT 10.0; Win64; x64) AppleWebKit/537.36 (KHTML, like Gecko) Chrome/114.0.0.0 Safari/537.36', '2023-06-29 10:53:49', NULL),
(164, 'd2a85e00-4fc4-4cc9-845d-4ad90da292d5', 'Concept', 12, 'Dictionary: PVO', 'Update: "color" ', 'Mozilla/5.0 (Windows NT 10.0; Win64; x64) AppleWebKit/537.36 (KHTML, like Gecko) Chrome/114.0.0.0 Safari/537.36', '2023-06-29 13:10:42', NULL),
(165, 'd2a85e00-4fc4-4cc9-845d-4ad90da292d5', 'Concept', 12, 'Dictionary: PVO', 'Update: "color" ', 'Mozilla/5.0 (Windows NT 10.0; Win64; x64) AppleWebKit/537.36 (KHTML, like Gecko) Chrome/114.0.0.0 Safari/537.36', '2023-06-29 13:14:01', NULL),
(166, 'd2a85e00-4fc4-4cc9-845d-4ad90da292d5', 'Dictionary', 5, 'Dictionary: Anime dictionary tên rất là dài dài vô cùng luôn dài rất dài dài lắm luôn dài vô cực luôn rất rất dài Anime dictionary tên rất là dài dài vô cùng luôn dài rất dài dài lắm luôn dài vô cực luôn rất rất dài', 'Rename to "Anime dictionary tên rất là dài dài vô cùng luôn dài rất dài dài lắm luôn dài vô cực luôn rất rất dài Anime dictionary tên rất là dài dài vô cùng luôn dài rất dài dài lắm luôn dài vô cực luôn rất rất dài"', 'Mozilla/5.0 (Windows NT 10.0; Win64; x64) AppleWebKit/537.36 (KHTML, like Gecko) Chrome/114.0.0.0 Safari/537.36', '2023-06-29 13:17:33', NULL),
(167, 'd2a85e00-4fc4-4cc9-845d-4ad90da292d5', 'Concept', 12, 'Dictionary: PVO', 'Update: "cause" ', 'Mozilla/5.0 (Windows NT 10.0; Win64; x64) AppleWebKit/537.36 (KHTML, like Gecko) Chrome/114.0.0.0 Safari/537.36', '2023-06-29 13:17:59', NULL),
(168, 'd2a85e00-4fc4-4cc9-845d-4ad90da292d5', 'Concept', 12, 'Dictionary: PVO', 'Update: "caus" ', 'Mozilla/5.0 (Windows NT 10.0; Win64; x64) AppleWebKit/537.36 (KHTML, like Gecko) Chrome/114.0.0.0 Safari/537.36', '2023-06-29 13:18:16', NULL),
(169, 'd2a85e00-4fc4-4cc9-845d-4ad90da292d5', 'Concept', 12, 'Dictionary: PVO', 'Update: "color" ', 'Mozilla/5.0 (Windows NT 10.0; Win64; x64) AppleWebKit/537.36 (KHTML, like Gecko) Chrome/114.0.0.0 Safari/537.36', '2023-06-29 13:19:25', NULL),
(170, 'd2a85e00-4fc4-4cc9-845d-4ad90da292d5', 'Concept', 12, 'Dictionary: PVO', 'Update: "color" ', 'Mozilla/5.0 (Windows NT 10.0; Win64; x64) AppleWebKit/537.36 (KHTML, like Gecko) Chrome/114.0.0.0 Safari/537.36', '2023-06-29 13:19:30', NULL),
(171, 'd2a85e00-4fc4-4cc9-845d-4ad90da292d5', 'Concept', 12, 'Dictionary: PVO', 'Update: "after" ', 'Mozilla/5.0 (Windows NT 10.0; Win64; x64) AppleWebKit/537.36 (KHTML, like Gecko) Chrome/114.0.0.0 Safari/537.36', '2023-06-29 13:22:54', NULL),
(172, 'd2a85e00-4fc4-4cc9-845d-4ad90da292d5', 'Concept', 12, 'Dictionary: PVO', '', 'Mozilla/5.0 (Windows NT 10.0; Win64; x64) AppleWebKit/537.36 (KHTML, like Gecko) Chrome/114.0.0.0 Safari/537.36', '2023-06-29 13:27:59', NULL),
(173, 'd2a85e00-4fc4-4cc9-845d-4ad90da292d5', 'Concept', 12, 'Dictionary: PVO', 'Update title: "after1" to "after". Update description: "sau1" to "sau". ', 'Mozilla/5.0 (Windows NT 10.0; Win64; x64) AppleWebKit/537.36 (KHTML, like Gecko) Chrome/114.0.0.0 Safari/537.36', '2023-06-29 13:33:07', NULL),
(174, 'd2a85e00-4fc4-4cc9-845d-4ad90da292d5', 'Concept', 12, 'Dictionary: PVO', 'Update description: "màu sắc" to "màu". ', 'Mozilla/5.0 (Windows NT 10.0; Win64; x64) AppleWebKit/537.36 (KHTML, like Gecko) Chrome/114.0.0.0 Safari/537.36', '2023-06-29 13:35:06', NULL),
(175, 'd2a85e00-4fc4-4cc9-845d-4ad90da292d5', 'Concept', 12, 'Dictionary: PVO', 'Update description: "null" to "abc". ', 'Mozilla/5.0 (Windows NT 10.0; Win64; x64) AppleWebKit/537.36 (KHTML, like Gecko) Chrome/114.0.0.0 Safari/537.36', '2023-06-29 13:41:50', NULL),
(176, 'd2a85e00-4fc4-4cc9-845d-4ad90da292d5', 'Concept', 12, 'Dictionary: PVO', 'Update description: "màu đỏ" to "đỏ". ', 'Mozilla/5.0 (Windows NT 10.0; Win64; x64) AppleWebKit/537.36 (KHTML, like Gecko) Chrome/114.0.0.0 Safari/537.36', '2023-06-29 13:42:03', NULL),
(177, 'd2a85e00-4fc4-4cc9-845d-4ad90da292d5', 'Concept', 12, 'Dictionary: PVO', 'Update description: "màu" to "màu sắc". ', 'Mozilla/5.0 (Windows NT 10.0; Win64; x64) AppleWebKit/537.36 (KHTML, like Gecko) Chrome/114.0.0.0 Safari/537.36', '2023-06-29 13:46:07', NULL),
(178, 'd2a85e00-4fc4-4cc9-845d-4ad90da292d5', 'Concept', 11, 'Dictionary: PVO', 'Add: hero', 'Mozilla/5.0 (Windows NT 10.0; Win64; x64) AppleWebKit/537.36 (KHTML, like Gecko) Chrome/114.0.0.0 Safari/537.36', '2023-06-29 13:46:42', NULL),
(179, 'd2a85e00-4fc4-4cc9-845d-4ad90da292d5', 'Concept', 12, 'Dictionary: PVO', 'Update description: "sau" to "". ', 'Mozilla/5.0 (Windows NT 10.0; Win64; x64) AppleWebKit/537.36 (KHTML, like Gecko) Chrome/114.0.0.0 Safari/537.36', '2023-06-29 13:51:55', NULL),
(180, 'd2a85e00-4fc4-4cc9-845d-4ad90da292d5', 'Concept', 12, 'Dictionary: PVO', 'Update description: "anh hùng" to "". ', 'Mozilla/5.0 (Windows NT 10.0; Win64; x64) AppleWebKit/537.36 (KHTML, like Gecko) Chrome/114.0.0.0 Safari/537.36', '2023-06-29 13:53:16', NULL),
(181, 'd2a85e00-4fc4-4cc9-845d-4ad90da292d5', 'Concept', 12, 'Dictionary: PVO', 'Update description: "" to "anh hùng". ', 'Mozilla/5.0 (Windows NT 10.0; Win64; x64) AppleWebKit/537.36 (KHTML, like Gecko) Chrome/114.0.0.0 Safari/537.36', '2023-06-29 13:57:51', NULL),
(182, 'd2a85e00-4fc4-4cc9-845d-4ad90da292d5', 'Concept', 13, 'Dictionary: PVO', 'Delete: after', 'Mozilla/5.0 (Windows NT 10.0; Win64; x64) AppleWebKit/537.36 (KHTML, like Gecko) Chrome/114.0.0.0 Safari/537.36', '2023-06-29 16:51:35', NULL),
(183, 'd2a85e00-4fc4-4cc9-845d-4ad90da292d5', 'Concept', 13, 'Dictionary: PVO', 'Delete: real', 'Mozilla/5.0 (Windows NT 10.0; Win64; x64) AppleWebKit/537.36 (KHTML, like Gecko) Chrome/114.0.0.0 Safari/537.36', '2023-06-29 16:51:47', NULL),
(184, 'd2a85e00-4fc4-4cc9-845d-4ad90da292d5', 'Concept', 13, 'Dictionary: PVO', 'Delete: occasion', 'Mozilla/5.0 (Windows NT 10.0; Win64; x64) AppleWebKit/537.36 (KHTML, like Gecko) Chrome/114.0.0.0 Safari/537.36', '2023-06-29 16:52:21', NULL),
(185, '8c38ae6f-223c-493a-b7a3-6a4122986848', 'Dictionary', 6, 'Dictionary: Dictionary 12', NULL, 'Mozilla/5.0 (Windows NT 10.0; Win64; x64) AppleWebKit/537.36 (KHTML, like Gecko) Chrome/114.0.0.0 Safari/537.36', '2023-06-29 17:02:58', NULL),
(186, '8c38ae6f-223c-493a-b7a3-6a4122986848', 'Dictionary', 6, 'Dictionary: abc', NULL, 'Mozilla/5.0 (Windows NT 10.0; Win64; x64) AppleWebKit/537.36 (KHTML, like Gecko) Chrome/114.0.0.0 Safari/537.36', '2023-06-29 17:03:02', NULL),
(187, '8c38ae6f-223c-493a-b7a3-6a4122986848', 'Dictionary', 6, 'Dictionary: Dictionary 89', NULL, 'Mozilla/5.0 (Windows NT 10.0; Win64; x64) AppleWebKit/537.36 (KHTML, like Gecko) Chrome/114.0.0.0 Safari/537.36', '2023-06-29 17:03:06', NULL),
(188, '8c38ae6f-223c-493a-b7a3-6a4122986848', 'Dictionary', 6, 'Dictionary: Dictionary 33', NULL, 'Mozilla/5.0 (Windows NT 10.0; Win64; x64) AppleWebKit/537.36 (KHTML, like Gecko) Chrome/114.0.0.0 Safari/537.36', '2023-06-29 17:03:10', NULL),
(189, '8c38ae6f-223c-493a-b7a3-6a4122986848', 'Dictionary', 6, 'Dictionary: Dictionary 2', NULL, 'Mozilla/5.0 (Windows NT 10.0; Win64; x64) AppleWebKit/537.36 (KHTML, like Gecko) Chrome/114.0.0.0 Safari/537.36', '2023-06-29 17:03:15', NULL),
(190, '8c38ae6f-223c-493a-b7a3-6a4122986848', 'Dictionary', 6, 'Dictionary: Dictionary 6', NULL, 'Mozilla/5.0 (Windows NT 10.0; Win64; x64) AppleWebKit/537.36 (KHTML, like Gecko) Chrome/114.0.0.0 Safari/537.36', '2023-06-29 17:03:19', NULL),
(191, '8c38ae6f-223c-493a-b7a3-6a4122986848', 'Concept', 2, NULL, 'Change the relationship between "red" and "color" to "Association"', 'Mozilla/5.0 (Windows NT 10.0; Win64; x64) AppleWebKit/537.36 (KHTML, like Gecko) Chrome/114.0.0.0 Safari/537.36', '2023-06-29 18:19:18', NULL),
(192, 'd2a85e00-4fc4-4cc9-845d-4ad90da292d5', 'Concept', 2, NULL, 'Change the relationship between "bad" and "cause" to "null"', 'Mozilla/5.0 (Windows NT 10.0; Win64; x64) AppleWebKit/537.36 (KHTML, like Gecko) Chrome/114.0.0.0 Safari/537.36', '2023-06-29 18:40:33', NULL),
(193, 'd2a85e00-4fc4-4cc9-845d-4ad90da292d5', 'Concept', 2, NULL, 'Change the relationship between "bad" and "good" to "Association"', 'Mozilla/5.0 (Windows NT 10.0; Win64; x64) AppleWebKit/537.36 (KHTML, like Gecko) Chrome/114.0.0.0 Safari/537.36', '2023-06-29 18:52:31', NULL),
(194, 'd2a85e00-4fc4-4cc9-845d-4ad90da292d5', 'Concept', 12, 'Dictionary: PVO', 'Update description: "đỏ" to "màu đỏ". ', 'Mozilla/5.0 (Windows NT 10.0; Win64; x64) AppleWebKit/537.36 (KHTML, like Gecko) Chrome/114.0.0.0 Safari/537.36', '2023-06-29 20:03:04', NULL),
(195, 'd2a85e00-4fc4-4cc9-845d-4ad90da292d5', 'Concept', 13, 'Dictionary: PVO', 'Delete: bad', 'Mozilla/5.0 (Windows NT 10.0; Win64; x64) AppleWebKit/537.36 (KHTML, like Gecko) Chrome/114.0.0.0 Safari/537.36', '2023-06-29 20:03:27', NULL),
(196, 'd2a85e00-4fc4-4cc9-845d-4ad90da292d5', 'Concept', 11, 'Dictionary: PVO', 'Add: concept dài rất là dài luôn á cực dài luôn ha ha ha', 'Mozilla/5.0 (Windows NT 10.0; Win64; x64) AppleWebKit/537.36 (KHTML, like Gecko) Chrome/114.0.0.0 Safari/537.36', '2023-06-29 20:05:12', NULL),
(197, 'd2a85e00-4fc4-4cc9-845d-4ad90da292d5', 'Concept', 11, 'Dictionary: PVO', 'Add: realtion-ahh-nsnsnsn-makkaakak-djjdjdjd-akkkkkkkkkkkkkkkkkkkkkkkkkk-jdddddddddddddđjdi-jsssssssssssssssssss-12938444444444444444444444444-hfffffffffffffffffffffffffffffffffffff', 'Mozilla/5.0 (Windows NT 10.0; Win64; x64) AppleWebKit/537.36 (KHTML, like Gecko) Chrome/114.0.0.0 Safari/537.36', '2023-06-29 20:06:04', NULL),
(198, 'd2a85e00-4fc4-4cc9-845d-4ad90da292d5', 'Concept', 2, NULL, 'Change the relationship between "concept dài rất là dài luôn á cực dài luôn ha ha ha" and "barber" to "Association"', 'Mozilla/5.0 (Windows NT 10.0; Win64; x64) AppleWebKit/537.36 (KHTML, like Gecko) Chrome/114.0.0.0 Safari/537.36', '2023-06-29 22:13:20', NULL),
(199, 'd2a85e00-4fc4-4cc9-845d-4ad90da292d5', 'Concept', 2, NULL, 'Update link from "barber" to "concept dài rất là dài luôn á cực dài luôn ha ha ha" to "Association"', 'Mozilla/5.0 (Windows NT 10.0; Win64; x64) AppleWebKit/537.36 (KHTML, like Gecko) Chrome/114.0.0.0 Safari/537.36', '2023-06-29 22:33:46', NULL),
(200, 'd2a85e00-4fc4-4cc9-845d-4ad90da292d5', 'Concept', 2, NULL, 'Update link from "concept dài rất là dài luôn á cực dài luôn ha ha ha" to "barber" to "Type of"', 'Mozilla/5.0 (Windows NT 10.0; Win64; x64) AppleWebKit/537.36 (KHTML, like Gecko) Chrome/114.0.0.0 Safari/537.36', '2023-06-29 22:35:33', NULL),
(201, 'd2a85e00-4fc4-4cc9-845d-4ad90da292d5', 'Concept', 13, 'Dictionary: PVO', 'Delete: realtion-ahh-nsnsnsn-makkaakak-djjdjdjd-akkkkkkkkkkkkkkkkkkkkkkkkkk-jdddddddddddddđjdi-jsssssssssssssssssss-12938444444444444444444444444-hfffffffffffffffffffffffffffffffffffff', 'Mozilla/5.0 (Windows NT 10.0; Win64; x64) AppleWebKit/537.36 (KHTML, like Gecko) Chrome/114.0.0.0 Safari/537.36', '2023-06-29 22:37:50', NULL),
(202, 'd2a85e00-4fc4-4cc9-845d-4ad90da292d5', 'Concept', 11, 'Dictionary: PVO', 'Add: love', 'Mozilla/5.0 (Windows NT 10.0; Win64; x64) AppleWebKit/537.36 (KHTML, like Gecko) Chrome/114.0.0.0 Safari/537.36', '2023-06-29 22:56:25', NULL),
(203, 'd2a85e00-4fc4-4cc9-845d-4ad90da292d5', 'Concept', 11, 'Dictionary: PVO', 'Add: like', 'Mozilla/5.0 (Windows NT 10.0; Win64; x64) AppleWebKit/537.36 (KHTML, like Gecko) Chrome/114.0.0.0 Safari/537.36', '2023-06-29 22:59:20', NULL),
(204, 'd2a85e00-4fc4-4cc9-845d-4ad90da292d5', 'Concept', 11, 'Dictionary: PVO', 'Add: happy', 'Mozilla/5.0 (Windows NT 10.0; Win64; x64) AppleWebKit/537.36 (KHTML, like Gecko) Chrome/114.0.0.0 Safari/537.36', '2023-06-29 22:59:30', NULL),
(205, 'd2a85e00-4fc4-4cc9-845d-4ad90da292d5', 'Concept', 11, 'Dictionary: PVO', 'Add: sad', 'Mozilla/5.0 (Windows NT 10.0; Win64; x64) AppleWebKit/537.36 (KHTML, like Gecko) Chrome/114.0.0.0 Safari/537.36', '2023-06-29 23:00:25', NULL),
(206, 'd2a85e00-4fc4-4cc9-845d-4ad90da292d5', 'Concept', 11, 'Dictionary: PVO', 'Add: blue', 'Mozilla/5.0 (Windows NT 10.0; Win64; x64) AppleWebKit/537.36 (KHTML, like Gecko) Chrome/114.0.0.0 Safari/537.36', '2023-06-29 23:00:46', NULL),
(207, 'd2a85e00-4fc4-4cc9-845d-4ad90da292d5', 'Concept', 11, 'Dictionary: PVO', 'Add: forward', 'Mozilla/5.0 (Windows NT 10.0; Win64; x64) AppleWebKit/537.36 (KHTML, like Gecko) Chrome/114.0.0.0 Safari/537.36', '2023-06-29 23:01:04', NULL),
(208, 'd2a85e00-4fc4-4cc9-845d-4ad90da292d5', 'Concept', 11, 'Dictionary: PVO', 'Add: boy', 'Mozilla/5.0 (Windows NT 10.0; Win64; x64) AppleWebKit/537.36 (KHTML, like Gecko) Chrome/114.0.0.0 Safari/537.36', '2023-06-29 23:03:29', NULL),
(209, 'd2a85e00-4fc4-4cc9-845d-4ad90da292d5', 'Concept', 11, 'Dictionary: PVO', 'Add: kick', 'Mozilla/5.0 (Windows NT 10.0; Win64; x64) AppleWebKit/537.36 (KHTML, like Gecko) Chrome/114.0.0.0 Safari/537.36', '2023-06-29 23:03:44', NULL),
(210, 'd2a85e00-4fc4-4cc9-845d-4ad90da292d5', 'Concept', 11, 'Dictionary: PVO', 'Add: bye', 'Mozilla/5.0 (Windows NT 10.0; Win64; x64) AppleWebKit/537.36 (KHTML, like Gecko) Chrome/114.0.0.0 Safari/537.36', '2023-06-29 23:04:04', NULL),
(211, 'd2a85e00-4fc4-4cc9-845d-4ad90da292d5', 'Concept', 13, 'Dictionary: PVO', 'Delete: sad', 'Mozilla/5.0 (Windows NT 10.0; Win64; x64) AppleWebKit/537.36 (KHTML, like Gecko) Chrome/114.0.0.0 Safari/537.36', '2023-06-29 23:07:08', NULL),
(212, 'd2a85e00-4fc4-4cc9-845d-4ad90da292d5', 'Concept', 13, 'Dictionary: PVO', 'Delete: look', 'Mozilla/5.0 (Windows NT 10.0; Win64; x64) AppleWebKit/537.36 (KHTML, like Gecko) Chrome/114.0.0.0 Safari/537.36', '2023-06-29 23:07:17', NULL),
(213, 'd2a85e00-4fc4-4cc9-845d-4ad90da292d5', 'Concept', 13, 'Dictionary: PVO', 'Delete: love', 'Mozilla/5.0 (Windows NT 10.0; Win64; x64) AppleWebKit/537.36 (KHTML, like Gecko) Chrome/114.0.0.0 Safari/537.36', '2023-06-29 23:07:23', NULL),
(214, 'd2a85e00-4fc4-4cc9-845d-4ad90da292d5', 'Concept', 13, 'Dictionary: PVO', 'Delete: like', 'Mozilla/5.0 (Windows NT 10.0; Win64; x64) AppleWebKit/537.36 (KHTML, like Gecko) Chrome/114.0.0.0 Safari/537.36', '2023-06-29 23:07:29', NULL),
(215, 'd2a85e00-4fc4-4cc9-845d-4ad90da292d5', 'Concept', 13, 'Dictionary: PVO', 'Delete: kick', 'Mozilla/5.0 (Windows NT 10.0; Win64; x64) AppleWebKit/537.36 (KHTML, like Gecko) Chrome/114.0.0.0 Safari/537.36', '2023-06-29 23:07:36', NULL),
(216, 'd2a85e00-4fc4-4cc9-845d-4ad90da292d5', 'Concept', 13, 'Dictionary: PVO', 'Delete: money', 'Mozilla/5.0 (Windows NT 10.0; Win64; x64) AppleWebKit/537.36 (KHTML, like Gecko) Chrome/114.0.0.0 Safari/537.36', '2023-06-29 23:07:46', NULL),
(217, 'd2a85e00-4fc4-4cc9-845d-4ad90da292d5', 'Concept', 11, 'Dictionary: PVO', 'Add: dictionary 1', 'Mozilla/5.0 (Windows NT 10.0; Win64; x64) AppleWebKit/537.36 (KHTML, like Gecko) Chrome/114.0.0.0 Safari/537.36', '2023-06-29 23:26:24', NULL),
(218, 'd2a85e00-4fc4-4cc9-845d-4ad90da292d5', 'Concept', 13, 'Dictionary: PVO', 'Delete: dictionary 1', 'Mozilla/5.0 (Windows NT 10.0; Win64; x64) AppleWebKit/537.36 (KHTML, like Gecko) Chrome/114.0.0.0 Safari/537.36', '2023-06-30 21:35:59', NULL),
(219, 'd2a85e00-4fc4-4cc9-845d-4ad90da292d5', 'Concept', 13, 'Dictionary: PVO', 'Delete: cut', 'Mozilla/5.0 (Windows NT 10.0; Win64; x64) AppleWebKit/537.36 (KHTML, like Gecko) Chrome/114.0.0.0 Safari/537.36', '2023-06-30 21:36:02', NULL),
(220, 'd2a85e00-4fc4-4cc9-845d-4ad90da292d5', 'Concept', 13, 'Dictionary: PVO', 'Delete: forward', 'Mozilla/5.0 (Windows NT 10.0; Win64; x64) AppleWebKit/537.36 (KHTML, like Gecko) Chrome/114.0.0.0 Safari/537.36', '2023-06-30 21:36:09', NULL),
(221, 'd2a85e00-4fc4-4cc9-845d-4ad90da292d5', 'Concept', 13, 'Dictionary: PVO', 'Delete: boy', 'Mozilla/5.0 (Windows NT 10.0; Win64; x64) AppleWebKit/537.36 (KHTML, like Gecko) Chrome/114.0.0.0 Safari/537.36', '2023-06-30 21:36:17', NULL),
(222, 'd2a85e00-4fc4-4cc9-845d-4ad90da292d5', 'Concept', 11, 'Dictionary: PVO', 'Add: help', 'Mozilla/5.0 (Windows NT 10.0; Win64; x64) AppleWebKit/537.36 (KHTML, like Gecko) Chrome/114.0.0.0 Safari/537.36', '2023-06-30 21:44:45', NULL),
(223, 'd2a85e00-4fc4-4cc9-845d-4ad90da292d5', 'Concept', 13, NULL, 'Update link from "barber" to "blue" to "Association"', 'Mozilla/5.0 (Windows NT 10.0; Win64; x64) AppleWebKit/537.36 (KHTML, like Gecko) Chrome/114.0.0.0 Safari/537.36', '2023-07-01 16:56:06', NULL),
(224, 'd2a85e00-4fc4-4cc9-845d-4ad90da292d5', 'Concept', 11, 'Dictionary: PVO', 'Add: fallen', 'Mozilla/5.0 (Windows NT 10.0; Win64; x64) AppleWebKit/537.36 (KHTML, like Gecko) Chrome/114.0.0.0 Safari/537.36', '2023-07-01 21:40:53', NULL),
(225, 'd2a85e00-4fc4-4cc9-845d-4ad90da292d5', 'Example', 14, 'Dictionary: PVO', '', 'Mozilla/5.0 (Windows NT 10.0; Win64; x64) AppleWebKit/537.36 (KHTML, like Gecko) Chrome/114.0.0.0 Safari/537.36', '2023-07-01 21:41:21', NULL),
(226, 'd2a85e00-4fc4-4cc9-845d-4ad90da292d5', 'Example', 14, 'Dictionary: PVO', 'Example: this is a red pen', 'Mozilla/5.0 (Windows NT 10.0; Win64; x64) AppleWebKit/537.36 (KHTML, like Gecko) Chrome/114.0.0.0 Safari/537.36', '2023-07-01 21:56:53', NULL),
(227, 'd2a85e00-4fc4-4cc9-845d-4ad90da292d5', 'Example', 14, 'Dictionary: PVO', 'Example: this is a green pen', 'Mozilla/5.0 (Windows NT 10.0; Win64; x64) AppleWebKit/537.36 (KHTML, like Gecko) Chrome/114.0.0.0 Safari/537.36', '2023-07-01 21:58:05', NULL),
(228, 'd2a85e00-4fc4-4cc9-845d-4ad90da292d5', 'Example', 14, 'Dictionary: PVO', 'Example: how do you do', 'Mozilla/5.0 (Windows NT 10.0; Win64; x64) AppleWebKit/537.36 (KHTML, like Gecko) Chrome/114.0.0.0 Safari/537.36', '2023-07-01 21:59:28', NULL),
(229, 'd2a85e00-4fc4-4cc9-845d-4ad90da292d5', 'Example', 14, 'Dictionary: PVO', 'Example: what''s up', 'Mozilla/5.0 (Windows NT 10.0; Win64; x64) AppleWebKit/537.36 (KHTML, like Gecko) Chrome/114.0.0.0 Safari/537.36', '2023-07-01 22:00:46', NULL),
(230, 'd2a85e00-4fc4-4cc9-845d-4ad90da292d5', 'Example', 14, 'Dictionary: PVO', 'Example: nice to meet you', 'Mozilla/5.0 (Windows NT 10.0; Win64; x64) AppleWebKit/537.36 (KHTML, like Gecko) Chrome/114.0.0.0 Safari/537.36', '2023-07-01 22:02:47', NULL),
(231, 'd2a85e00-4fc4-4cc9-845d-4ad90da292d5', 'Example', 14, 'Dictionary: PVO', 'Example: test example', 'Mozilla/5.0 (Windows NT 10.0; Win64; x64) AppleWebKit/537.36 (KHTML, like Gecko) Chrome/114.0.0.0 Safari/537.36', '2023-07-01 22:05:50', NULL),
(232, 'd2a85e00-4fc4-4cc9-845d-4ad90da292d5', 'Example', 14, 'Dictionary: PVO', 'Example: test example 2', 'Mozilla/5.0 (Windows NT 10.0; Win64; x64) AppleWebKit/537.36 (KHTML, like Gecko) Chrome/114.0.0.0 Safari/537.36', '2023-07-01 22:06:20', NULL),
(233, 'd2a85e00-4fc4-4cc9-845d-4ad90da292d5', 'Example', 14, 'Dictionary: PVO', 'Example: [Informal] [Spoken] [Literature] [American] i feels blue', 'Mozilla/5.0 (Windows NT 10.0; Win64; x64) AppleWebKit/537.36 (KHTML, like Gecko) Chrome/114.0.0.0 Safari/537.36', '2023-07-01 22:29:05', NULL),
(234, 'd2a85e00-4fc4-4cc9-845d-4ad90da292d5', 'Example', 14, 'Dictionary: PVO', 'Example: test example 3', 'Mozilla/5.0 (Windows NT 10.0; Win64; x64) AppleWebKit/537.36 (KHTML, like Gecko) Chrome/114.0.0.0 Safari/537.36', '2023-07-01 22:47:40', NULL),
(235, 'd2a85e00-4fc4-4cc9-845d-4ad90da292d5', 'Example', 14, 'Dictionary: PVO', 'Example: <p>a<mark>bc</mark></p>', 'Mozilla/5.0 (Windows NT 10.0; Win64; x64) AppleWebKit/537.36 (KHTML, like Gecko) Chrome/114.0.0.0 Safari/537.36', '2023-07-02 09:45:55', NULL),
(236, 'd2a85e00-4fc4-4cc9-845d-4ad90da292d5', 'Example', 14, 'Dictionary: PVO', 'Example: <p><mark>abc</mark></p>', 'Mozilla/5.0 (Windows NT 10.0; Win64; x64) AppleWebKit/537.36 (KHTML, like Gecko) Chrome/114.0.0.0 Safari/537.36', '2023-07-02 09:48:53', NULL),
(237, 'd2a85e00-4fc4-4cc9-845d-4ad90da292d5', 'Example', 14, 'Dictionary: PVO', 'Example: <p>abc<mark>dd</mark>d</p>', 'Mozilla/5.0 (Windows NT 10.0; Win64; x64) AppleWebKit/537.36 (KHTML, like Gecko) Chrome/114.0.0.0 Safari/537.36', '2023-07-02 09:49:03', NULL),
(238, 'd2a85e00-4fc4-4cc9-845d-4ad90da292d5', 'Example', 14, 'Dictionary: PVO', 'Example: <p>he is a <mark>fallen hero</mark></p>', 'Mozilla/5.0 (Windows NT 10.0; Win64; x64) AppleWebKit/537.36 (KHTML, like Gecko) Chrome/114.0.0.0 Safari/537.36', '2023-07-02 09:52:00', NULL),
(239, 'd2a85e00-4fc4-4cc9-845d-4ad90da292d5', 'Example', 14, 'Dictionary: PVO', 'Example: <p><mark>abccc</mark></p>', 'Mozilla/5.0 (Windows NT 10.0; Win64; x64) AppleWebKit/537.36 (KHTML, like Gecko) Chrome/114.0.0.0 Safari/537.36', '2023-07-02 09:57:31', NULL),
(240, 'd2a85e00-4fc4-4cc9-845d-4ad90da292d5', 'Example', 14, 'Dictionary: PVO', 'Example: <p><mark>asde</mark></p>', 'Mozilla/5.0 (Windows NT 10.0; Win64; x64) AppleWebKit/537.36 (KHTML, like Gecko) Chrome/114.0.0.0 Safari/537.36', '2023-07-02 09:57:51', NULL),
(241, 'd2a85e00-4fc4-4cc9-845d-4ad90da292d5', 'Example', 14, 'Dictionary: PVO', 'Example: [Formal] [Oft positive] [British] <p>abf te<mark>st 1</mark>2345 </p>', 'Mozilla/5.0 (Windows NT 10.0; Win64; x64) AppleWebKit/537.36 (KHTML, like Gecko) Chrome/114.0.0.0 Safari/537.36', '2023-07-02 10:04:02', NULL),
(242, 'd2a85e00-4fc4-4cc9-845d-4ad90da292d5', 'Example', 14, 'Dictionary: PVO', 'Example: [Informal] [Written] [Journalism] [Oft positive] [British] <p>test<mark> 13433</mark></p>', 'Mozilla/5.0 (Windows NT 10.0; Win64; x64) AppleWebKit/537.36 (KHTML, like Gecko) Chrome/114.0.0.0 Safari/537.36', '2023-07-02 10:05:33', NULL),
(243, 'd2a85e00-4fc4-4cc9-845d-4ad90da292d5', 'Example', 14, 'Dictionary: PVO', 'Example: <p>res<mark>st r</mark>es</p>', 'Mozilla/5.0 (Windows NT 10.0; Win64; x64) AppleWebKit/537.36 (KHTML, like Gecko) Chrome/114.0.0.0 Safari/537.36', '2023-07-02 10:07:37', NULL),
(244, 'd2a85e00-4fc4-4cc9-845d-4ad90da292d5', 'Example', 14, 'Dictionary: PVO', 'Example: [Informal] [Spoken] [Literature] [Oft negative] [Other] <p>test <mark>test</mark> test</p>', 'Mozilla/5.0 (Windows NT 10.0; Win64; x64) AppleWebKit/537.36 (KHTML, like Gecko) Chrome/114.0.0.0 Safari/537.36', '2023-07-02 10:12:06', NULL),
(245, 'd2a85e00-4fc4-4cc9-845d-4ad90da292d5', 'Example', 14, 'Dictionary: PVO', 'Example: [Informal] [Spoken] [Literature] [Oft negative] [Other] <p>t<mark>e</mark>st abc</p>', 'Mozilla/5.0 (Windows NT 10.0; Win64; x64) AppleWebKit/537.36 (KHTML, like Gecko) Chrome/114.0.0.0 Safari/537.36', '2023-07-02 10:17:40', NULL),
(246, 'd2a85e00-4fc4-4cc9-845d-4ad90da292d5', 'Example', 14, 'Dictionary: PVO', 'Example: <p>te<mark>st thử </mark>force update</p>', 'Mozilla/5.0 (Windows NT 10.0; Win64; x64) AppleWebKit/537.36 (KHTML, like Gecko) Chrome/114.0.0.0 Safari/537.36', '2023-07-02 10:21:02', NULL),
(247, 'd2a85e00-4fc4-4cc9-845d-4ad90da292d5', 'Concept', 11, 'Dictionary: PVO', 'Add: boy', 'Mozilla/5.0 (Windows NT 10.0; Win64; x64) AppleWebKit/537.36 (KHTML, like Gecko) Chrome/114.0.0.0 Safari/537.36', '2023-07-02 10:22:11', NULL),
(248, 'd2a85e00-4fc4-4cc9-845d-4ad90da292d5', 'Concept', 11, 'Dictionary: PVO', 'Add: girl', 'Mozilla/5.0 (Windows NT 10.0; Win64; x64) AppleWebKit/537.36 (KHTML, like Gecko) Chrome/114.0.0.0 Safari/537.36', '2023-07-02 10:24:27', NULL),
(249, 'd2a85e00-4fc4-4cc9-845d-4ad90da292d5', 'Concept', 11, 'Dictionary: PVO', 'Add: birth', 'Mozilla/5.0 (Windows NT 10.0; Win64; x64) AppleWebKit/537.36 (KHTML, like Gecko) Chrome/114.0.0.0 Safari/537.36', '2023-07-02 10:24:43', NULL),
(250, 'd2a85e00-4fc4-4cc9-845d-4ad90da292d5', 'Concept', 11, 'Dictionary: PVO', 'Add: now', 'Mozilla/5.0 (Windows NT 10.0; Win64; x64) AppleWebKit/537.36 (KHTML, like Gecko) Chrome/114.0.0.0 Safari/537.36', '2023-07-02 10:29:34', NULL),
(251, 'd2a85e00-4fc4-4cc9-845d-4ad90da292d5', 'Concept', 11, 'Dictionary: PVO', 'Add: look like', 'Mozilla/5.0 (Windows NT 10.0; Win64; x64) AppleWebKit/537.36 (KHTML, like Gecko) Chrome/114.0.0.0 Safari/537.36', '2023-07-02 10:29:52', NULL),
(252, 'd2a85e00-4fc4-4cc9-845d-4ad90da292d5', 'Example', 14, 'Dictionary: PVO', 'Example: <p>ab<mark>c</mark></p>', 'Mozilla/5.0 (Windows NT 10.0; Win64; x64) AppleWebKit/537.36 (KHTML, like Gecko) Chrome/114.0.0.0 Safari/537.36', '2023-07-02 12:08:12', NULL),
(253, 'd2a85e00-4fc4-4cc9-845d-4ad90da292d5', 'Example', 14, 'Dictionary: PVO', 'Example: <p>ab<mark>c</mark> </p>', 'Mozilla/5.0 (Windows NT 10.0; Win64; x64) AppleWebKit/537.36 (KHTML, like Gecko) Chrome/114.0.0.0 Safari/537.36', '2023-07-02 12:08:23', NULL),
(254, 'd2a85e00-4fc4-4cc9-845d-4ad90da292d5', 'Example', 14, 'Dictionary: PVO', 'Example: <p>ab<mark>c                                    </...', 'Mozilla/5.0 (Windows NT 10.0; Win64; x64) AppleWebKit/537.36 (KHTML, like Gecko) Chrome/114.0.0.0 Safari/537.36', '2023-07-02 12:32:07', NULL),
(255, 'd2a85e00-4fc4-4cc9-845d-4ad90da292d5', 'Example', 14, 'Dictionary: PVO', 'Example: <p>a<mark>b</mark>c</p>', 'Mozilla/5.0 (Windows NT 10.0; Win64; x64) AppleWebKit/537.36 (KHTML, like Gecko) Chrome/114.0.0.0 Safari/537.36', '2023-07-02 12:32:29', NULL),
(256, 'd2a85e00-4fc4-4cc9-845d-4ad90da292d5', 'Example', 14, 'Dictionary: PVO', 'Example: <p>a<mark>b</mark>c                    </p>', 'Mozilla/5.0 (Windows NT 10.0; Win64; x64) AppleWebKit/537.36 (KHTML, like Gecko) Chrome/114.0.0.0 Safari/537.36', '2023-07-02 12:32:38', NULL),
(257, 'd2a85e00-4fc4-4cc9-845d-4ad90da292d5', 'Example', 14, 'Dictionary: PVO', 'Example: <p>a<mark>b</mark>c    </p>', 'Mozilla/5.0 (Windows NT 10.0; Win64; x64) AppleWebKit/537.36 (KHTML, like Gecko) Chrome/114.0.0.0 Safari/537.36', '2023-07-02 12:32:56', NULL),
(258, 'd2a85e00-4fc4-4cc9-845d-4ad90da292d5', 'Example', 14, 'Dictionary: PVO', 'Example: <p>a<mark>b</mark>c   </p>', 'Mozilla/5.0 (Windows NT 10.0; Win64; x64) AppleWebKit/537.36 (KHTML, like Gecko) Chrome/114.0.0.0 Safari/537.36', '2023-07-02 12:35:48', NULL),
(259, 'd2a85e00-4fc4-4cc9-845d-4ad90da292d5', 'Example', 14, 'Dictionary: PVO', 'Example: <p>a<mark>b</mark>c   </p>', 'Mozilla/5.0 (Windows NT 10.0; Win64; x64) AppleWebKit/537.36 (KHTML, like Gecko) Chrome/114.0.0.0 Safari/537.36', '2023-07-02 12:40:53', NULL),
(260, 'd2a85e00-4fc4-4cc9-845d-4ad90da292d5', 'Example', 14, 'Dictionary: PVO', 'Example: he is a <mark>superman </mark>and hero  ', 'Mozilla/5.0 (Windows NT 10.0; Win64; x64) AppleWebKit/537.36 (KHTML, like Gecko) Chrome/114.0.0.0 Safari/537.36', '2023-07-02 14:08:26', NULL),
(261, 'd2a85e00-4fc4-4cc9-845d-4ad90da292d5', 'Concept', 11, 'Dictionary: PVO', 'Add: keep', 'Mozilla/5.0 (Windows NT 10.0; Win64; x64) AppleWebKit/537.36 (KHTML, like Gecko) Chrome/114.0.0.0 Safari/537.36', '2023-07-02 16:46:26', NULL),
(262, 'd2a85e00-4fc4-4cc9-845d-4ad90da292d5', 'Example', 14, 'Dictionary: PVO', 'Example: <mark>abc</mark>', 'Mozilla/5.0 (Windows NT 10.0; Win64; x64) AppleWebKit/537.36 (KHTML, like Gecko) Chrome/114.0.0.0 Safari/537.36', '2023-07-02 17:16:06', NULL),
(263, 'd2a85e00-4fc4-4cc9-845d-4ad90da292d5', 'Account Settings/General', 2, NULL, 'Change information: Birthday', 'Mozilla/5.0 (Windows NT 10.0; Win64; x64) AppleWebKit/537.36 (KHTML, like Gecko) Chrome/114.0.0.0 Safari/537.36', '2023-07-02 17:25:47', NULL),
(264, 'd2a85e00-4fc4-4cc9-845d-4ad90da292d5', 'Account Settings/General', 2, NULL, 'Change information: Position', 'Mozilla/5.0 (Windows NT 10.0; Win64; x64) AppleWebKit/537.36 (KHTML, like Gecko) Chrome/114.0.0.0 Safari/537.36', '2023-07-02 17:28:53', NULL),
(265, 'd2a85e00-4fc4-4cc9-845d-4ad90da292d5', 'Example', 14, 'Dictionary: PVO', 'Example: this is a long example with <mark>multiple highlig...', 'Mozilla/5.0 (Windows NT 10.0; Win64; x64) AppleWebKit/537.36 (KHTML, like Gecko) Chrome/114.0.0.0 Safari/537.36', '2023-07-02 19:43:23', NULL),
(266, 'd2a85e00-4fc4-4cc9-845d-4ad90da292d5', 'Concept', 13, 'Dictionary: PVO', 'Update link from "red" to "color" to "Type of"', 'Mozilla/5.0 (Windows NT 10.0; Win64; x64) AppleWebKit/537.36 (KHTML, like Gecko) Chrome/114.0.0.0 Safari/537.36', '2023-07-02 22:44:44', NULL),
(267, 'd2a85e00-4fc4-4cc9-845d-4ad90da292d5', 'Concept', 13, 'Dictionary: PVO', 'Update link from "blue" to "color" to "Type of"', 'Mozilla/5.0 (Windows NT 10.0; Win64; x64) AppleWebKit/537.36 (KHTML, like Gecko) Chrome/114.0.0.0 Safari/537.36', '2023-07-02 22:44:52', NULL),
(268, 'd2a85e00-4fc4-4cc9-845d-4ad90da292d5', 'Edit example', 16, 'Dictionary: PVO', 'Example: he feels blue', 'Mozilla/5.0 (Windows NT 10.0; Win64; x64) AppleWebKit/537.36 (KHTML, like Gecko) Chrome/114.0.0.0 Safari/537.36', '2023-07-04 01:01:00', NULL),
(269, 'd2a85e00-4fc4-4cc9-845d-4ad90da292d5', 'Edit example', 16, 'Dictionary: PVO', 'Example: nice to meet you', 'Mozilla/5.0 (Windows NT 10.0; Win64; x64) AppleWebKit/537.36 (KHTML, like Gecko) Chrome/114.0.0.0 Safari/537.36', '2023-07-04 01:01:56', NULL),
(270, 'd2a85e00-4fc4-4cc9-845d-4ad90da292d5', 'Edit example', 15, 'Dictionary: PVO', 'Example: [Formal] [Spoken] <mark>how do you do</mark>', 'Mozilla/5.0 (Windows NT 10.0; Win64; x64) AppleWebKit/537.36 (KHTML, like Gecko) Chrome/114.0.0.0 Safari/537.36', '2023-07-04 01:02:56', NULL),
(271, 'd2a85e00-4fc4-4cc9-845d-4ad90da292d5', 'Edit example', 15, 'Dictionary: PVO', 'Example: [Formal] [Spoken] <mark>how do you do</mark>', 'Mozilla/5.0 (Windows NT 10.0; Win64; x64) AppleWebKit/537.36 (KHTML, like Gecko) Chrome/114.0.0.0 Safari/537.36', '2023-07-04 01:12:14', NULL),
(272, 'd2a85e00-4fc4-4cc9-845d-4ad90da292d5', 'Edit example', 15, 'Dictionary: PVO', 'Example: [Formal] he is a<mark> fallen hero</mark>', 'Mozilla/5.0 (Windows NT 10.0; Win64; x64) AppleWebKit/537.36 (KHTML, like Gecko) Chrome/114.0.0.0 Safari/537.36', '2023-07-04 01:16:04', NULL),
(273, 'd2a85e00-4fc4-4cc9-845d-4ad90da292d5', 'Edit example', 15, 'Dictionary: PVO', 'Example: [Formal] he is a <mark>fallen hero</mark>', 'Mozilla/5.0 (Windows NT 10.0; Win64; x64) AppleWebKit/537.36 (KHTML, like Gecko) Chrome/114.0.0.0 Safari/537.36', '2023-07-04 01:16:27', NULL),
(274, 'd2a85e00-4fc4-4cc9-845d-4ad90da292d5', 'Edit example', 15, 'Dictionary: PVO', 'Example: [Informal] [Spoken] [Literature] [American] i feels <mark>blue</mark>', 'Mozilla/5.0 (Windows NT 10.0; Win64; x64) AppleWebKit/537.36 (KHTML, like Gecko) Chrome/114.0.0.0 Safari/537.36', '2023-07-04 01:21:19', NULL),
(275, 'd2a85e00-4fc4-4cc9-845d-4ad90da292d5', 'Edit example', 16, 'Dictionary: PVO', 'Example: test example 2', 'Mozilla/5.0 (Windows NT 10.0; Win64; x64) AppleWebKit/537.36 (KHTML, like Gecko) Chrome/114.0.0.0 Safari/537.36', '2023-07-04 21:07:27', NULL),
(276, 'd2a85e00-4fc4-4cc9-845d-4ad90da292d5', 'Concept', 13, 'Dictionary: PVO', 'Update link from "color" to "concept dài rất là dài luôn á cực dài luôn ha ha ha" to "Association"', 'Mozilla/5.0 (Windows NT 10.0; Win64; x64) AppleWebKit/537.36 (KHTML, like Gecko) Chrome/114.0.0.0 Safari/537.36', '2023-07-04 23:12:40', NULL),
(277, 'd2a85e00-4fc4-4cc9-845d-4ad90da292d5', 'Concept', 13, 'Dictionary: PVO', 'Update link from "color" to "fallen" to "Type of"', 'Mozilla/5.0 (Windows NT 10.0; Win64; x64) AppleWebKit/537.36 (KHTML, like Gecko) Chrome/114.0.0.0 Safari/537.36', '2023-07-04 23:12:43', NULL),
(278, 'd2a85e00-4fc4-4cc9-845d-4ad90da292d5', 'Concept', 13, 'Dictionary: PVO', 'Update link from "color" to "free" to "Association"', 'Mozilla/5.0 (Windows NT 10.0; Win64; x64) AppleWebKit/537.36 (KHTML, like Gecko) Chrome/114.0.0.0 Safari/537.36', '2023-07-04 23:12:46', NULL),
(279, 'd2a85e00-4fc4-4cc9-845d-4ad90da292d5', 'Concept', 13, 'Dictionary: PVO', 'Update link from "color" to "good" to "Type of"', 'Mozilla/5.0 (Windows NT 10.0; Win64; x64) AppleWebKit/537.36 (KHTML, like Gecko) Chrome/114.0.0.0 Safari/537.36', '2023-07-04 23:12:50', NULL),
(280, 'd2a85e00-4fc4-4cc9-845d-4ad90da292d5', 'Concept', 13, 'Dictionary: PVO', 'Update link from "color" to "hero" to "Association"', 'Mozilla/5.0 (Windows NT 10.0; Win64; x64) AppleWebKit/537.36 (KHTML, like Gecko) Chrome/114.0.0.0 Safari/537.36', '2023-07-04 23:12:53', NULL),
(281, 'd2a85e00-4fc4-4cc9-845d-4ad90da292d5', 'Concept', 13, 'Dictionary: PVO', 'Update link from "boy" to "color" to "Association"', 'Mozilla/5.0 (Windows NT 10.0; Win64; x64) AppleWebKit/537.36 (KHTML, like Gecko) Chrome/114.0.0.0 Safari/537.36', '2023-07-04 23:13:03', NULL),
(282, 'd2a85e00-4fc4-4cc9-845d-4ad90da292d5', 'Concept', 13, 'Dictionary: PVO', 'Update link from "birth" to "color" to "Association"', 'Mozilla/5.0 (Windows NT 10.0; Win64; x64) AppleWebKit/537.36 (KHTML, like Gecko) Chrome/114.0.0.0 Safari/537.36', '2023-07-04 23:13:07', NULL),
(283, 'd2a85e00-4fc4-4cc9-845d-4ad90da292d5', 'Concept', 13, 'Dictionary: PVO', 'Update link from "come" to "color" to "Type of"', 'Mozilla/5.0 (Windows NT 10.0; Win64; x64) AppleWebKit/537.36 (KHTML, like Gecko) Chrome/114.0.0.0 Safari/537.36', '2023-07-04 23:13:12', NULL),
(284, 'd2a85e00-4fc4-4cc9-845d-4ad90da292d5', 'Edit example', 15, 'Dictionary: PVO', 'Example: [Formal] this is a <mark>green</mark> pen', 'Mozilla/5.0 (Windows NT 10.0; Win64; x64) AppleWebKit/537.36 (KHTML, like Gecko) Chrome/114.0.0.0 Safari/537.36', '2023-07-05 22:29:42', NULL),
(285, 'd2a85e00-4fc4-4cc9-845d-4ad90da292d5', 'Edit example', 15, 'Dictionary: PVO', 'Example: [Formal] this is a <mark>green pen</mark>', 'Mozilla/5.0 (Windows NT 10.0; Win64; x64) AppleWebKit/537.36 (KHTML, like Gecko) Chrome/114.0.0.0 Safari/537.36', '2023-07-05 22:32:54', NULL),
(286, 'd2a85e00-4fc4-4cc9-845d-4ad90da292d5', 'Edit example', 15, 'Dictionary: PVO', 'Example: <mark>test thử force</mark> update', 'Mozilla/5.0 (Windows NT 10.0; Win64; x64) AppleWebKit/537.36 (KHTML, like Gecko) Chrome/114.0.0.0 Safari/537.36', '2023-07-05 22:39:49', NULL),
(287, 'd2a85e00-4fc4-4cc9-845d-4ad90da292d5', 'Concept', 11, 'Dictionary: PVO', 'Add: sad', 'Mozilla/5.0 (Windows NT 10.0; Win64; x64) AppleWebKit/537.36 (KHTML, like Gecko) Chrome/114.0.0.0 Safari/537.36', '2023-07-05 22:50:36', NULL),
(288, 'd2a85e00-4fc4-4cc9-845d-4ad90da292d5', 'Concept', 11, 'Dictionary: PVO', 'Add: pen', 'Mozilla/5.0 (Windows NT 10.0; Win64; x64) AppleWebKit/537.36 (KHTML, like Gecko) Chrome/114.0.0.0 Safari/537.36', '2023-07-05 22:51:09', NULL),
(289, 'd2a85e00-4fc4-4cc9-845d-4ad90da292d5', 'Concept', 11, 'Dictionary: PVO', 'Add: padding', 'Mozilla/5.0 (Windows NT 10.0; Win64; x64) AppleWebKit/537.36 (KHTML, like Gecko) Chrome/114.0.0.0 Safari/537.36', '2023-07-05 22:51:59', NULL),
(290, 'd2a85e00-4fc4-4cc9-845d-4ad90da292d5', 'Concept', 11, 'Dictionary: PVO', 'Add: margin', 'Mozilla/5.0 (Windows NT 10.0; Win64; x64) AppleWebKit/537.36 (KHTML, like Gecko) Chrome/114.0.0.0 Safari/537.36', '2023-07-05 22:52:13', NULL),
(291, 'd2a85e00-4fc4-4cc9-845d-4ad90da292d5', 'Concept', 11, 'Dictionary: PVO', 'Add: bug', 'Mozilla/5.0 (Windows NT 10.0; Win64; x64) AppleWebKit/537.36 (KHTML, like Gecko) Chrome/114.0.0.0 Safari/537.36', '2023-07-05 22:52:38', NULL),
(292, 'd2a85e00-4fc4-4cc9-845d-4ad90da292d5', 'Concept', 11, 'Dictionary: PVO', 'Add: algorithm', 'Mozilla/5.0 (Windows NT 10.0; Win64; x64) AppleWebKit/537.36 (KHTML, like Gecko) Chrome/114.0.0.0 Safari/537.36', '2023-07-05 22:52:50', NULL),
(293, 'd2a85e00-4fc4-4cc9-845d-4ad90da292d5', 'Concept', 11, 'Dictionary: PVO', 'Add: ', 'Mozilla/5.0 (Windows NT 10.0; Win64; x64) AppleWebKit/537.36 (KHTML, like Gecko) Chrome/114.0.0.0 Safari/537.36', '2023-07-05 22:56:23', NULL),
(294, 'd2a85e00-4fc4-4cc9-845d-4ad90da292d5', 'Concept', 11, 'Dictionary: PVO', 'Add: dog', 'Mozilla/5.0 (Windows NT 10.0; Win64; x64) AppleWebKit/537.36 (KHTML, like Gecko) Chrome/114.0.0.0 Safari/537.36', '2023-07-05 22:56:28', NULL),
(295, 'd2a85e00-4fc4-4cc9-845d-4ad90da292d5', 'Concept', 11, 'Dictionary: PVO', 'Add: ', 'Mozilla/5.0 (Windows NT 10.0; Win64; x64) AppleWebKit/537.36 (KHTML, like Gecko) Chrome/114.0.0.0 Safari/537.36', '2023-07-05 22:58:52', NULL),
(296, 'd2a85e00-4fc4-4cc9-845d-4ad90da292d5', 'Concept', 11, 'Dictionary: PVO', 'Add: ', 'Mozilla/5.0 (Windows NT 10.0; Win64; x64) AppleWebKit/537.36 (KHTML, like Gecko) Chrome/114.0.0.0 Safari/537.36', '2023-07-05 22:59:16', NULL),
(297, 'd2a85e00-4fc4-4cc9-845d-4ad90da292d5', 'Concept', 11, 'Dictionary: PVO', 'Add: one', 'Mozilla/5.0 (Windows NT 10.0; Win64; x64) AppleWebKit/537.36 (KHTML, like Gecko) Chrome/114.0.0.0 Safari/537.36', '2023-07-05 23:02:16', NULL),
(298, 'd2a85e00-4fc4-4cc9-845d-4ad90da292d5', 'Concept', 11, 'Dictionary: PVO', 'Add: two', 'Mozilla/5.0 (Windows NT 10.0; Win64; x64) AppleWebKit/537.36 (KHTML, like Gecko) Chrome/114.0.0.0 Safari/537.36', '2023-07-05 23:02:33', NULL),
(299, 'd2a85e00-4fc4-4cc9-845d-4ad90da292d5', 'Concept', 11, 'Dictionary: PVO', 'Add: ', 'Mozilla/5.0 (Windows NT 10.0; Win64; x64) AppleWebKit/537.36 (KHTML, like Gecko) Chrome/114.0.0.0 Safari/537.36', '2023-07-05 23:03:47', NULL),
(300, 'd2a85e00-4fc4-4cc9-845d-4ad90da292d5', 'Concept', 11, 'Dictionary: PVO', 'Add: buy', 'Mozilla/5.0 (Windows NT 10.0; Win64; x64) AppleWebKit/537.36 (KHTML, like Gecko) Chrome/114.0.0.0 Safari/537.36', '2023-07-05 23:12:58', NULL),
(301, 'd2a85e00-4fc4-4cc9-845d-4ad90da292d5', 'Concept', 11, 'Dictionary: PVO', 'Add: purchase', 'Mozilla/5.0 (Windows NT 10.0; Win64; x64) AppleWebKit/537.36 (KHTML, like Gecko) Chrome/114.0.0.0 Safari/537.36', '2023-07-05 23:13:04', NULL),
(302, 'd2a85e00-4fc4-4cc9-845d-4ad90da292d5', 'Concept', 11, 'Dictionary: PVO', 'Add: sing', 'Mozilla/5.0 (Windows NT 10.0; Win64; x64) AppleWebKit/537.36 (KHTML, like Gecko) Chrome/114.0.0.0 Safari/537.36', '2023-07-05 23:13:13', NULL),
(303, 'd2a85e00-4fc4-4cc9-845d-4ad90da292d5', 'Concept', 11, 'Dictionary: PVO', 'Add: can', 'Mozilla/5.0 (Windows NT 10.0; Win64; x64) AppleWebKit/537.36 (KHTML, like Gecko) Chrome/114.0.0.0 Safari/537.36', '2023-07-05 23:13:24', NULL),
(304, 'd2a85e00-4fc4-4cc9-845d-4ad90da292d5', 'Concept', 11, 'Dictionary: PVO', 'Add: hat', 'Mozilla/5.0 (Windows NT 10.0; Win64; x64) AppleWebKit/537.36 (KHTML, like Gecko) Chrome/114.0.0.0 Safari/537.36', '2023-07-05 23:13:37', NULL),
(305, 'd2a85e00-4fc4-4cc9-845d-4ad90da292d5', 'Concept', 11, 'Dictionary: PVO', 'Add: head', 'Mozilla/5.0 (Windows NT 10.0; Win64; x64) AppleWebKit/537.36 (KHTML, like Gecko) Chrome/114.0.0.0 Safari/537.36', '2023-07-05 23:13:43', NULL),
(306, 'd2a85e00-4fc4-4cc9-845d-4ad90da292d5', 'Concept', 11, 'Dictionary: PVO', 'Add: various', 'Mozilla/5.0 (Windows NT 10.0; Win64; x64) AppleWebKit/537.36 (KHTML, like Gecko) Chrome/114.0.0.0 Safari/537.36', '2023-07-05 23:14:00', NULL),
(307, 'd2a85e00-4fc4-4cc9-845d-4ad90da292d5', 'Concept', 11, 'Dictionary: PVO', 'Add: green', 'Mozilla/5.0 (Windows NT 10.0; Win64; x64) AppleWebKit/537.36 (KHTML, like Gecko) Chrome/114.0.0.0 Safari/537.36', '2023-07-05 23:14:27', NULL),
(308, 'd2a85e00-4fc4-4cc9-845d-4ad90da292d5', 'Edit example', 15, 'Dictionary: PVO', 'Example: [Formal] this is a <mark>green pen</mark>', 'Mozilla/5.0 (Windows NT 10.0; Win64; x64) AppleWebKit/537.36 (KHTML, like Gecko) Chrome/114.0.0.0 Safari/537.36', '2023-07-05 23:14:40', NULL),
(309, 'd2a85e00-4fc4-4cc9-845d-4ad90da292d5', 'Edit example', 15, 'Dictionary: PVO', 'Example: this is a long example with <mark>multiple highlig...', 'Mozilla/5.0 (Windows NT 10.0; Win64; x64) AppleWebKit/537.36 (KHTML, like Gecko) Chrome/114.0.0.0 Safari/537.36', '2023-07-06 09:31:43', NULL),
(310, 'd2a85e00-4fc4-4cc9-845d-4ad90da292d5', 'Edit example', 15, 'Dictionary: PVO', 'Example: [Formal] [Spoken] <mark>how do you do</mark>', 'Mozilla/5.0 (Windows NT 10.0; Win64; x64) AppleWebKit/537.36 (KHTML, like Gecko) Chrome/114.0.0.0 Safari/537.36', '2023-07-06 09:35:18', NULL),
(311, 'd2a85e00-4fc4-4cc9-845d-4ad90da292d5', 'Edit example', 15, 'Dictionary: PVO', 'Example: [Informal] [Spoken] [Literature] [Oft negative] [Other] <mark>test</mark> abc', 'Mozilla/5.0 (Windows NT 10.0; Win64; x64) AppleWebKit/537.36 (KHTML, like Gecko) Chrome/114.0.0.0 Safari/537.36', '2023-07-06 13:31:59', NULL),
(312, 'd2a85e00-4fc4-4cc9-845d-4ad90da292d5', 'Edit example', 15, 'Dictionary: PVO', 'Example: [Informal] [Spoken] [Literature] [Oft negative] [Other] <mark>te</mark>st abc', 'Mozilla/5.0 (Windows NT 10.0; Win64; x64) AppleWebKit/537.36 (KHTML, like Gecko) Chrome/114.0.0.0 Safari/537.36', '2023-07-06 13:40:38', NULL),
(313, 'd2a85e00-4fc4-4cc9-845d-4ad90da292d5', 'Edit example', 15, 'Dictionary: PVO', 'Example: [Informal] [Spoken] [Literature] [Oft negative] [Other] <mark>te</mark>st abc', 'Mozilla/5.0 (Windows NT 10.0; Win64; x64) AppleWebKit/537.36 (KHTML, like Gecko) Chrome/114.0.0.0 Safari/537.36', '2023-07-06 13:40:53', NULL),
(314, 'd2a85e00-4fc4-4cc9-845d-4ad90da292d5', 'Edit example', 15, 'Dictionary: PVO', 'Example: <mark>ab</mark>ccc', 'Mozilla/5.0 (Windows NT 10.0; Win64; x64) AppleWebKit/537.36 (KHTML, like Gecko) Chrome/114.0.0.0 Safari/537.36', '2023-07-06 13:41:27', NULL),
(315, 'd2a85e00-4fc4-4cc9-845d-4ad90da292d5', 'Edit example', 15, 'Dictionary: PVO', 'Example: <mark>abccc</mark>', 'Mozilla/5.0 (Windows NT 10.0; Win64; x64) AppleWebKit/537.36 (KHTML, like Gecko) Chrome/114.0.0.0 Safari/537.36', '2023-07-06 13:43:23', NULL),
(316, 'd2a85e00-4fc4-4cc9-845d-4ad90da292d5', 'Edit example', 15, 'Dictionary: PVO', 'Example: <mark>test thử force</mark> update', 'Mozilla/5.0 (Windows NT 10.0; Win64; x64) AppleWebKit/537.36 (KHTML, like Gecko) Chrome/114.0.0.0 Safari/537.36', '2023-07-06 13:45:15', NULL),
(317, 'd2a85e00-4fc4-4cc9-845d-4ad90da292d5', 'Edit example', 15, 'Dictionary: PVO', 'Example: [Informal] [Spoken] [Literature] [Oft negative] [Other] <mark>test abc</mark>', 'Mozilla/5.0 (Windows NT 10.0; Win64; x64) AppleWebKit/537.36 (KHTML, like Gecko) Chrome/114.0.0.0 Safari/537.36', '2023-07-06 13:51:44', NULL),
(318, 'd2a85e00-4fc4-4cc9-845d-4ad90da292d5', 'Edit example', 15, 'Dictionary: PVO', 'Example: <mark>abccc</mark>', 'Mozilla/5.0 (Windows NT 10.0; Win64; x64) AppleWebKit/537.36 (KHTML, like Gecko) Chrome/114.0.0.0 Safari/537.36', '2023-07-06 13:52:38', NULL),
(319, 'd2a85e00-4fc4-4cc9-845d-4ad90da292d5', 'Edit example', 15, 'Dictionary: PVO', 'Example: res<mark>st r</mark>es', 'Mozilla/5.0 (Windows NT 10.0; Win64; x64) AppleWebKit/537.36 (KHTML, like Gecko) Chrome/114.0.0.0 Safari/537.36', '2023-07-06 13:52:49', NULL),
(320, 'd2a85e00-4fc4-4cc9-845d-4ad90da292d5', 'Edit example', 15, 'Dictionary: PVO', 'Example: <mark>abccc</mark>', 'Mozilla/5.0 (Windows NT 10.0; Win64; x64) AppleWebKit/537.36 (KHTML, like Gecko) Chrome/114.0.0.0 Safari/537.36', '2023-07-06 13:53:33', NULL),
(321, 'd2a85e00-4fc4-4cc9-845d-4ad90da292d5', 'Edit example', 15, 'Dictionary: PVO', 'Example: <mark>abccc</mark>', 'Mozilla/5.0 (Windows NT 10.0; Win64; x64) AppleWebKit/537.36 (KHTML, like Gecko) Chrome/114.0.0.0 Safari/537.36', '2023-07-06 13:53:58', NULL),
(322, 'd2a85e00-4fc4-4cc9-845d-4ad90da292d5', 'Edit example', 15, 'Dictionary: PVO', 'Example: res<mark>st r</mark>es', 'Mozilla/5.0 (Windows NT 10.0; Win64; x64) AppleWebKit/537.36 (KHTML, like Gecko) Chrome/114.0.0.0 Safari/537.36', '2023-07-06 13:56:14', NULL),
(323, 'd2a85e00-4fc4-4cc9-845d-4ad90da292d5', 'Edit example', 15, 'Dictionary: PVO', 'Example: [Informal] [Spoken] [Literature] [Oft negative] [Other] <mark>test abc</mark>', 'Mozilla/5.0 (Windows NT 10.0; Win64; x64) AppleWebKit/537.36 (KHTML, like Gecko) Chrome/114.0.0.0 Safari/537.36', '2023-07-06 13:58:12', NULL),
(324, 'd2a85e00-4fc4-4cc9-845d-4ad90da292d5', 'Edit example', 15, 'Dictionary: PVO', 'Example: [Informal] [Spoken] [Literature] [Oft negative] [Other] <mark>test abc</mark>', 'Mozilla/5.0 (Windows NT 10.0; Win64; x64) AppleWebKit/537.36 (KHTML, like Gecko) Chrome/114.0.0.0 Safari/537.36', '2023-07-06 13:59:07', NULL),
(325, 'd2a85e00-4fc4-4cc9-845d-4ad90da292d5', 'Edit example', 15, 'Dictionary: PVO', 'Example: [Informal] [Spoken] [Literature] [Oft negative] [Other] <mark>test abc</mark>', 'Mozilla/5.0 (Windows NT 10.0; Win64; x64) AppleWebKit/537.36 (KHTML, like Gecko) Chrome/114.0.0.0 Safari/537.36', '2023-07-06 13:59:26', NULL),
(326, 'd2a85e00-4fc4-4cc9-845d-4ad90da292d5', 'Edit example', 15, 'Dictionary: PVO', 'Example: [Informal] [Spoken] [Literature] [Oft negative] [Other] <mark>test abc</mark>', 'Mozilla/5.0 (Windows NT 10.0; Win64; x64) AppleWebKit/537.36 (KHTML, like Gecko) Chrome/114.0.0.0 Safari/537.36', '2023-07-06 14:02:20', NULL),
(327, 'd2a85e00-4fc4-4cc9-845d-4ad90da292d5', 'Edit example', 15, 'Dictionary: PVO', 'Example: <mark>abccc</mark>', 'Mozilla/5.0 (Windows NT 10.0; Win64; x64) AppleWebKit/537.36 (KHTML, like Gecko) Chrome/114.0.0.0 Safari/537.36', '2023-07-06 14:03:05', NULL),
(328, 'd2a85e00-4fc4-4cc9-845d-4ad90da292d5', 'Edit example', 15, 'Dictionary: PVO', 'Example: [Informal] [Spoken] [Literature] [Oft negative] [Other] <mark>test abc</mark>', 'Mozilla/5.0 (Windows NT 10.0; Win64; x64) AppleWebKit/537.36 (KHTML, like Gecko) Chrome/114.0.0.0 Safari/537.36', '2023-07-06 14:03:29', NULL),
(329, 'd2a85e00-4fc4-4cc9-845d-4ad90da292d5', 'Edit example', 15, 'Dictionary: PVO', 'Example: <mark>abccc</mark>', 'Mozilla/5.0 (Windows NT 10.0; Win64; x64) AppleWebKit/537.36 (KHTML, like Gecko) Chrome/114.0.0.0 Safari/537.36', '2023-07-06 14:03:45', NULL),
(330, 'd2a85e00-4fc4-4cc9-845d-4ad90da292d5', 'Edit example', 16, 'Dictionary: PVO', 'Example: <mark>test abc</mark>', 'Mozilla/5.0 (Windows NT 10.0; Win64; x64) AppleWebKit/537.36 (KHTML, like Gecko) Chrome/114.0.0.0 Safari/537.36', '2023-07-06 14:04:40', NULL),
(331, 'd2a85e00-4fc4-4cc9-845d-4ad90da292d5', 'Edit example', 15, 'Dictionary: PVO', 'Example: [Formal] this is a <mark>green pen</mark>', 'Mozilla/5.0 (Windows NT 10.0; Win64; x64) AppleWebKit/537.36 (KHTML, like Gecko) Chrome/114.0.0.0 Safari/537.36', '2023-07-06 14:06:25', NULL),
(332, 'd2a85e00-4fc4-4cc9-845d-4ad90da292d5', 'Edit example', 15, 'Dictionary: PVO', 'Example: <mark>abccc</mark>', 'Mozilla/5.0 (Windows NT 10.0; Win64; x64) AppleWebKit/537.36 (KHTML, like Gecko) Chrome/114.0.0.0 Safari/537.36', '2023-07-06 15:15:00', NULL),
(333, 'd2a85e00-4fc4-4cc9-845d-4ad90da292d5', 'Edit example', 15, 'Dictionary: PVO', 'Example: <mark>abccc</mark>', 'Mozilla/5.0 (Windows NT 10.0; Win64; x64) AppleWebKit/537.36 (KHTML, like Gecko) Chrome/114.0.0.0 Safari/537.36', '2023-07-06 15:19:11', NULL),
(334, 'd2a85e00-4fc4-4cc9-845d-4ad90da292d5', 'Edit example', 16, 'Dictionary: PVO', 'Example: <mark>abccc</mark>', 'Mozilla/5.0 (Windows NT 10.0; Win64; x64) AppleWebKit/537.36 (KHTML, like Gecko) Chrome/114.0.0.0 Safari/537.36', '2023-07-06 15:19:34', NULL),
(335, 'd2a85e00-4fc4-4cc9-845d-4ad90da292d5', 'Edit example', 15, 'Dictionary: PVO', 'Example: res<mark>st r</mark>es', 'Mozilla/5.0 (Windows NT 10.0; Win64; x64) AppleWebKit/537.36 (KHTML, like Gecko) Chrome/114.0.0.0 Safari/537.36', '2023-07-06 15:20:56', NULL),
(336, 'd2a85e00-4fc4-4cc9-845d-4ad90da292d5', 'Edit example', 15, 'Dictionary: PVO', 'Example: abc<mark>dd</mark>d', 'Mozilla/5.0 (Windows NT 10.0; Win64; x64) AppleWebKit/537.36 (KHTML, like Gecko) Chrome/114.0.0.0 Safari/537.36', '2023-07-06 15:21:06', NULL),
(337, 'd2a85e00-4fc4-4cc9-845d-4ad90da292d5', 'Edit example', 16, 'Dictionary: PVO', 'Example: res<mark>st r</mark>es', 'Mozilla/5.0 (Windows NT 10.0; Win64; x64) AppleWebKit/537.36 (KHTML, like Gecko) Chrome/114.0.0.0 Safari/537.36', '2023-07-06 15:21:30', NULL),
(338, 'd2a85e00-4fc4-4cc9-845d-4ad90da292d5', 'Edit example', 15, 'Dictionary: PVO', 'Example: <mark>abcddd</mark>', 'Mozilla/5.0 (Windows NT 10.0; Win64; x64) AppleWebKit/537.36 (KHTML, like Gecko) Chrome/114.0.0.0 Safari/537.36', '2023-07-06 16:09:49', NULL),
(339, 'd2a85e00-4fc4-4cc9-845d-4ad90da292d5', 'Edit example', 15, 'Dictionary: PVO', 'Example: [Informal] [Spoken] [Journalism] [Oft positive] [British] <mark>abc</mark>ddd', 'Mozilla/5.0 (Windows NT 10.0; Win64; x64) AppleWebKit/537.36 (KHTML, like Gecko) Chrome/114.0.0.0 Safari/537.36', '2023-07-06 16:11:01', NULL),
(340, 'd2a85e00-4fc4-4cc9-845d-4ad90da292d5', 'Edit example', 15, 'Dictionary: PVO', 'Example: [Informal] [Spoken] [Journalism] [Oft positive] [British] <mark>abc</mark>ddd', 'Mozilla/5.0 (Windows NT 10.0; Win64; x64) AppleWebKit/537.36 (KHTML, like Gecko) Chrome/114.0.0.0 Safari/537.36', '2023-07-06 16:11:30', NULL),
(341, 'd2a85e00-4fc4-4cc9-845d-4ad90da292d5', 'Edit example', 15, 'Dictionary: PVO', 'Example: [Informal] [Spoken] [Journalism] [Oft positive] [British] <mark>abc</mark>ddd', 'Mozilla/5.0 (Windows NT 10.0; Win64; x64) AppleWebKit/537.36 (KHTML, like Gecko) Chrome/114.0.0.0 Safari/537.36', '2023-07-06 16:11:42', NULL),
(342, 'd2a85e00-4fc4-4cc9-845d-4ad90da292d5', 'Edit example', 15, 'Dictionary: PVO', 'Example: [Informal] [Spoken] [Journalism] [Oft positive] [British] <mark>abc</mark>ddd', 'Mozilla/5.0 (Windows NT 10.0; Win64; x64) AppleWebKit/537.36 (KHTML, like Gecko) Chrome/114.0.0.0 Safari/537.36', '2023-07-06 16:18:24', NULL),
(343, 'd2a85e00-4fc4-4cc9-845d-4ad90da292d5', 'Edit example', 15, 'Dictionary: PVO', 'Example: [Informal] [Spoken] [Journalism] [Oft positive] [British] <mark>abc</mark>ddd', 'Mozilla/5.0 (Windows NT 10.0; Win64; x64) AppleWebKit/537.36 (KHTML, like Gecko) Chrome/114.0.0.0 Safari/537.36', '2023-07-06 16:27:40', NULL),
(344, 'd2a85e00-4fc4-4cc9-845d-4ad90da292d5', 'Edit example', 15, 'Dictionary: PVO', 'Example: [Informal] [Spoken] [Journalism] [Oft positive] [British] <mark>abcddd</mark>', 'Mozilla/5.0 (Windows NT 10.0; Win64; x64) AppleWebKit/537.36 (KHTML, like Gecko) Chrome/114.0.0.0 Safari/537.36', '2023-07-06 16:31:14', NULL),
(345, 'd2a85e00-4fc4-4cc9-845d-4ad90da292d5', 'Edit example', 15, 'Dictionary: PVO', 'Example: [Informal] [Spoken] [Journalism] [Oft positive] [British] <mark>abcddd</mark>', 'Mozilla/5.0 (Windows NT 10.0; Win64; x64) AppleWebKit/537.36 (KHTML, like Gecko) Chrome/114.0.0.0 Safari/537.36', '2023-07-06 16:31:29', NULL),
(346, 'd2a85e00-4fc4-4cc9-845d-4ad90da292d5', 'Edit example', 15, 'Dictionary: PVO', 'Example: [Informal] [Spoken] [Journalism] [Oft positive] [British] <mark>abcddd</mark>', 'Mozilla/5.0 (Windows NT 10.0; Win64; x64) AppleWebKit/537.36 (KHTML, like Gecko) Chrome/114.0.0.0 Safari/537.36', '2023-07-06 16:31:53', NULL),
(347, 'd2a85e00-4fc4-4cc9-845d-4ad90da292d5', 'Edit example', 15, 'Dictionary: PVO', 'Example: [Informal] [Spoken] [Journalism] [Oft positive] [British] <mark>abcddd</mark>', 'Mozilla/5.0 (Windows NT 10.0; Win64; x64) AppleWebKit/537.36 (KHTML, like Gecko) Chrome/114.0.0.0 Safari/537.36', '2023-07-06 16:32:06', NULL),
(348, 'd2a85e00-4fc4-4cc9-845d-4ad90da292d5', 'Edit example', 15, 'Dictionary: PVO', 'Example: [Informal] [Spoken] [Journalism] [Oft positive] [British] <mark>abcddd</mark>', 'Mozilla/5.0 (Windows NT 10.0; Win64; x64) AppleWebKit/537.36 (KHTML, like Gecko) Chrome/114.0.0.0 Safari/537.36', '2023-07-06 16:39:44', NULL),
(349, 'd2a85e00-4fc4-4cc9-845d-4ad90da292d5', 'Edit example', 15, 'Dictionary: PVO', 'Example: [Formal] [Spoken] [Journalism] [Oft positive] [British] <mark>abc</mark>ddd', 'Mozilla/5.0 (Windows NT 10.0; Win64; x64) AppleWebKit/537.36 (KHTML, like Gecko) Chrome/114.0.0.0 Safari/537.36', '2023-07-06 17:09:48', NULL),
(350, 'd2a85e00-4fc4-4cc9-845d-4ad90da292d5', 'Edit example', 15, 'Dictionary: PVO', 'Example: [Formal] [Spoken] [Journalism] [Oft positive] [British] <mark>abc</mark>ddd', 'Mozilla/5.0 (Windows NT 10.0; Win64; x64) AppleWebKit/537.36 (KHTML, like Gecko) Chrome/114.0.0.0 Safari/537.36', '2023-07-06 17:10:25', NULL),
(351, 'd2a85e00-4fc4-4cc9-845d-4ad90da292d5', 'Edit example', 15, 'Dictionary: PVO', 'Example: [Formal] [Spoken] [Journalism] [Oft positive] [British] <mark>abc</mark>ddd', 'Mozilla/5.0 (Windows NT 10.0; Win64; x64) AppleWebKit/537.36 (KHTML, like Gecko) Chrome/114.0.0.0 Safari/537.36', '2023-07-06 17:10:39', NULL),
(352, 'd2a85e00-4fc4-4cc9-845d-4ad90da292d5', 'Edit example', 15, 'Dictionary: PVO', 'Example: [Formal] [Spoken] [Journalism] [Oft positive] [British] <mark>abcddd</mark>', 'Mozilla/5.0 (Windows NT 10.0; Win64; x64) AppleWebKit/537.36 (KHTML, like Gecko) Chrome/114.0.0.0 Safari/537.36', '2023-07-06 17:43:10', NULL),
(353, 'd2a85e00-4fc4-4cc9-845d-4ad90da292d5', 'Edit example', 15, 'Dictionary: PVO', 'Example: [Formal] [Spoken] [Journalism] [Oft positive] [British] <mark>abcddd</mark>', 'Mozilla/5.0 (Windows NT 10.0; Win64; x64) AppleWebKit/537.36 (KHTML, like Gecko) Chrome/114.0.0.0 Safari/537.36', '2023-07-06 17:43:25', NULL),
(354, 'd2a85e00-4fc4-4cc9-845d-4ad90da292d5', 'Edit example', 15, 'Dictionary: PVO', 'Example: [Formal] [Spoken] [Journalism] [Oft positive] [British] <mark>abcddd</mark>', 'Mozilla/5.0 (Windows NT 10.0; Win64; x64) AppleWebKit/537.36 (KHTML, like Gecko) Chrome/114.0.0.0 Safari/537.36', '2023-07-06 17:44:17', NULL),
(355, 'd2a85e00-4fc4-4cc9-845d-4ad90da292d5', 'Edit example', 15, 'Dictionary: PVO', 'Example: [Informal] [Spoken] [Literature] [Oft negative] [Other] test <mark>test</mark> test', 'Mozilla/5.0 (Windows NT 10.0; Win64; x64) AppleWebKit/537.36 (KHTML, like Gecko) Chrome/114.0.0.0 Safari/537.36', '2023-07-06 17:45:58', NULL),
(356, 'd2a85e00-4fc4-4cc9-845d-4ad90da292d5', 'Edit example', 16, 'Dictionary: PVO', 'Example: test <mark>test</mark> test', 'Mozilla/5.0 (Windows NT 10.0; Win64; x64) AppleWebKit/537.36 (KHTML, like Gecko) Chrome/114.0.0.0 Safari/537.36', '2023-07-06 17:46:30', NULL),
(357, 'd2a85e00-4fc4-4cc9-845d-4ad90da292d5', 'Concept', 11, 'Dictionary: PVO', 'Add: yellow', 'Mozilla/5.0 (Windows NT 10.0; Win64; x64) AppleWebKit/537.36 (KHTML, like Gecko) Chrome/114.0.0.0 Safari/537.36', '2023-07-06 19:04:34', NULL);

--
-- Set default database
--
USE pvo_v1_2023;

--
-- Drop trigger `Trigger_Concept_AutoAddNormalizeAndSoundex`
--
DROP TRIGGER IF EXISTS Trigger_Concept_AutoAddNormalizeAndSoundex;

--
-- Set default database
--
USE pvo_v1_2023;

DELIMITER $$

--
-- Create trigger `Trigger_Concept_AutoAddNormalizeAndSoundex`
--
CREATE
DEFINER = 'root'@'localhost'
TRIGGER Trigger_Concept_AutoAddNormalizeAndSoundex
BEFORE INSERT
ON concept
FOR EACH ROW
BEGIN
  SET new.normalized_title = REGEXP_REPLACE(LOWER(TRIM(IFNULL(new.title, ''))), '[^0-9a-z ]', '');
  SET new.soundex_title = SOUNDEX(new.normalized_title);
END
$$

DELIMITER ;

-- 
-- Restore previous SQL mode
-- 
/*!40101 SET SQL_MODE=@OLD_SQL_MODE */;

-- 
-- Enable foreign keys
-- 
/*!40014 SET FOREIGN_KEY_CHECKS = @OLD_FOREIGN_KEY_CHECKS */;